Ville,Information_Qualite_Air,Indice_IQA_PM_25,Indice_IQA_PM_10,Indice_IQA_No2,Indice_IQA_So2,Indice_IQA_Ozone,Temperature (°C),Humidite_AQ,Vent,date
Lille,61,61,8,20.6,1.1,15.6,5.0,79.0,0.4,2025-03-28
Nice,37,26,10,8.4,1.1,37.4,17.0,72.0,3.0,2025-03-28
Strasbourg,34,63,9,7.4,,34.0,16.0,42.5,2.0,2025-03-28
Paris,51,51,19,12.4,0.6,29.8,12.2,64.2,2.5,2025-03-28
Rennes,34,21,7,3.6,,34.0,10.0,87.0,5.1,2025-03-28
Nantes,24,8,3,3.0,,24.1,12.0,93.0,5.1,2025-03-28
Marseille,35,21,18,6.1,0.4,34.6,17.2,42.0,8.0,2025-03-28
Toulouse,57,57,19,2.6,,34.7,16.5,49.5,8.4,2025-03-28
Lyon,33,45,,3.6,,32.5,15.0,51.0,4.1,2025-03-28
Bordeaux,50,50,28,6.9,,14.7,,,,2025-03-28
Lille,61,61,8,20.6,1.1,15.6,5.0,79.0,0.4,2025-03-28
Nice,39,31,10,6.8,1.1,38.5,17.0,72.0,2.8,2025-03-28
Strasbourg,34,63,9,7.4,,34.0,16.0,42.5,2.0,2025-03-28
Paris,29,64,13,12.4,0.6,29.0,12.7,67.7,2.2,2025-03-28
Rennes,34,21,7,3.6,,34.0,10.0,87.0,5.1,2025-03-28
Nantes,27,8,4,3.0,,26.8,12.0,90.0,5.6,2025-03-28
Marseille,37,21,15,4.8,0.4,37.2,17.2,41.0,9.0,2025-03-28
Toulouse,57,57,19,2.4,,36.9,16.0,51.0,8.7,2025-03-28
Lyon,41,41,,3.6,,34.9,16.0,44.0,5.6,2025-03-28
Bordeaux,50,50,28,6.9,,14.7,,,,2025-03-28
Lille,61,61,8,20.6,1.1,15.6,5.0,79.0,0.4,2025-03-28
Nice,39,31,10,6.8,1.1,38.5,17.0,72.0,2.8,2025-03-28
Strasbourg,34,63,9,7.4,,34.0,16.0,42.5,2.0,2025-03-28
Paris,29,64,13,12.4,0.6,29.0,12.7,67.7,2.2,2025-03-28
Rennes,33,21,7,3.6,,33.3,12.0,76.0,4.1,2025-03-28
Nantes,27,8,4,3.0,,26.8,12.0,90.0,5.6,2025-03-28
Marseille,37,21,15,4.8,0.4,37.2,17.2,41.0,9.0,2025-03-28
Toulouse,52,52,16,2.4,,36.9,16.0,51.0,8.7,2025-03-28
Lyon,41,41,,3.6,,34.9,16.0,44.0,5.6,2025-03-28
Bordeaux,50,50,28,6.9,,14.7,,,,2025-03-28
Lille,61,61,8,20.6,1.1,15.6,5.0,79.0,0.4,2025-03-28
Nice,39,31,10,6.8,1.1,38.5,17.0,72.0,2.8,2025-03-28
Strasbourg,34,63,9,7.4,,34.0,16.0,42.5,2.0,2025-03-28
Paris,29,64,13,12.4,0.6,29.0,12.7,67.7,2.2,2025-03-28
Rennes,33,21,7,3.6,,33.3,12.0,76.0,4.1,2025-03-28
Nantes,27,8,4,3.0,,26.8,12.0,90.0,5.6,2025-03-28
Marseille,37,21,15,4.8,0.4,37.2,17.2,41.0,9.0,2025-03-28
Toulouse,52,52,16,2.4,,36.9,16.0,51.0,8.7,2025-03-28
Lyon,41,41,,3.6,,34.9,16.0,44.0,5.6,2025-03-28
Bordeaux,50,50,28,6.9,,14.7,,,,2025-03-28
Lille,61,61,8,20.6,1.1,15.6,5.0,79.0,0.4,2025-03-28
Nice,39,31,10,6.8,1.1,38.5,17.0,72.0,2.8,2025-03-28
Strasbourg,34,63,9,7.4,,34.0,16.0,42.5,2.0,2025-03-28
Paris,29,64,13,12.4,0.6,29.0,12.7,67.7,2.2,2025-03-28
Rennes,33,21,7,3.6,,33.3,12.0,76.0,4.1,2025-03-28
Nantes,27,8,4,3.0,,26.8,12.0,90.0,5.6,2025-03-28
Marseille,37,21,15,4.8,0.4,37.2,17.2,41.0,9.0,2025-03-28
Toulouse,52,52,16,2.4,,36.9,16.0,51.0,8.7,2025-03-28
Lyon,41,41,,3.6,,34.9,16.0,44.0,5.6,2025-03-28
Bordeaux,50,50,28,6.9,,14.7,,,,2025-03-28
Lille,61,61,8,20.6,1.1,15.6,5.0,79.0,0.4,2025-03-28
Nice,42,42,12,7.4,1.1,38.8,16.5,69.5,2.0,2025-03-28
Strasbourg,37,63,12,8.8,,36.8,17.0,36.0,1.5,2025-03-28
Paris,29,64,13,12.4,0.6,29.0,12.7,67.7,2.2,2025-03-28
Rennes,36,35,14,2.7,,36.1,12.0,71.0,5.6,2025-03-28
Nantes,30,13,4,2.4,,30.3,10.5,93.0,4.3,2025-03-28
Marseille,37,22,16,5.9,0.4,37.2,17.2,41.0,5.0,2025-03-28
Toulouse,52,52,16,2.5,,37.0,15.5,52.5,9.0,2025-03-28
Lyon,41,41,,3.6,,36.3,16.0,46.0,5.4,2025-03-28
Bordeaux,50,50,28,6.9,,14.7,,,,2025-03-28
Lille,61,61,8,20.6,1.1,15.6,5.0,79,0.4,2025-03-28
Nice,43,33,11,5.4,1.1,43.4,16.0,72,2.0,2025-03-28
Strasbourg,37,63,14,10.9,,36.6,18.0,34,1.5,2025-03-28
Paris,45,45,17,15.4,0.6,23.1,10.5,93,1.0,2025-03-28
Rennes,36,28,12,3.2,,35.7,11.0,66,7.2,2025-03-28
Nantes,29,23,8,2.5,,29.2,11.0,76,2.5,2025-03-28
Marseille,37,25,19,6.7,0.3,37.1,16.1,41,6.0,2025-03-28
Toulouse,39,39,15,3.0,,35.4,15.0,54,8.2,2025-03-28
Lyon,38,38,,3.6,,35.0,15.0,51,5.6,2025-03-28
Bordeaux,50,50,28,6.9,,14.7,,,,2025-03-28
Lille,61,61,8,20.6,1.1,15.6,5.0,79,0.4,2025-03-28
Nice,39,39,14,6.7,1.1,39.4,15.0,76,2.0,2025-03-28
Strasbourg,37,63,18,11.3,,36.6,14.0,44,1.5,2025-03-28
Paris,45,45,17,19.8,0.6,20.2,9.4,88,4.5,2025-03-28
Rennes,34,25,10,3.8,,34.0,10.0,66,7.7,2025-03-28
Nantes,31,31,12,3.0,,29.6,11.0,76,2.5,2025-03-28
Marseille,38,25,16,6.2,0.2,37.9,14.4,44,4.0,2025-03-28
Toulouse,33,25,10,3.4,,33.4,14.0,58,8.7,2025-03-28
Lyon,52,52,,3.6,,33.1,15.0,47,5.6,2025-03-28
Bordeaux,50,50,28,6.9,,14.7,,,,2025-03-28
Lille,61,61,8,20.6,1.1,15.6,5.0,79.0,0.4,2025-03-28
Nice,48,48,15,13.8,1.1,26.9,15.0,82.0,2.5,2025-03-28
Strasbourg,34,63,15,20.1,,34.2,12.0,54.0,1.0,2025-03-28
Paris,23,23,17,19.8,0.6,18.8,8.8,88.5,2.5,2025-03-28
Rennes,33,26,11,4.2,,33.4,9.0,70.0,5.1,2025-03-28
Nantes,30,30,10,4.4,,26.8,10.0,71.0,2.5,2025-03-28
Marseille,38,26,14,5.8,0.2,38.4,13.8,46.0,5.0,2025-03-28
Toulouse,34,17,8,2.9,,33.6,12.0,64.0,7.7,2025-03-28
Lyon,65,65,,7.3,,34.4,14.0,50.0,5.4,2025-03-28
Bordeaux,50,50,28,6.9,,14.7,,,,2025-03-28
Lille,61,61,8,20.6,1.1,15.6,5.0,79.0,0.4,2025-03-28
Nice,59,59,21,28.0,1.1,7.2,14.0,71.0,3.0,2025-03-28
Strasbourg,34,63,15,20.1,,34.2,12.0,54.0,1.0,2025-03-28
Paris,31,31,17,19.4,0.6,18.8,8.8,89.7,2.0,2025-03-28
Rennes,35,35,15,4.8,,31.7,8.0,70.0,4.6,2025-03-28
Nantes,31,23,8,2.4,,30.5,8.0,75.0,2.5,2025-03-28
Marseille,39,26,16,4.5,0.2,39.2,13.3,48.0,5.0,2025-03-28
Toulouse,31,10,5,2.8,,31.0,11.5,76.0,7.7,2025-03-28
Lyon,75,75,,6.7,,34.6,13.0,54.0,7.7,2025-03-28
Bordeaux,50,50,28,6.9,,14.7,,,,2025-03-28
Lille,61,61,8,20.6,1.1,15.6,5.0,79.0,0.4,2025-03-28
Nice,55,55,18,19.5,1.1,11.9,14.0,71.0,3.0,2025-03-28
Strasbourg,36,63,36,46.5,,11.4,10.0,66.0,2.5,2025-03-28
Paris,36,36,14,14.2,0.6,22.1,8.7,83.7,4.2,2025-03-28
Rennes,33,33,14,3.7,,32.3,6.0,75.0,3.6,2025-03-28
Nantes,30,25,10,2.4,,30.4,8.0,75.0,2.5,2025-03-28
Marseille,39,31,18,3.8,0.1,38.8,12.7,54.0,4.0,2025-03-28
Toulouse,32,11,5,2.3,,31.5,11.0,76.0,6.9,2025-03-28
Lyon,70,70,,4.4,,31.4,12.0,62.0,6.6,2025-03-28
Bordeaux,50,50,28,6.9,,14.7,,,,2025-03-28
Lille,61,61,8,20.6,1.1,15.6,5.0,79,0.4,2025-03-28
Nice,58,58,19,17.7,1.1,10.4,14.0,67,2.5,2025-03-28
Strasbourg,36,63,36,46.5,,11.4,10.0,66,2.5,2025-03-28
Paris,52,52,14,12.0,0.6,22.9,8.3,79,3.0,2025-03-28
Rennes,34,34,14,3.7,,32.3,5.0,86,2.5,2025-03-28
Nantes,30,27,11,2.6,,30.0,7.0,81,2.5,2025-03-28
Marseille,43,43,26,3.8,0.2,37.9,12.2,57,4.0,2025-03-28
Toulouse,32,11,5,2.3,,31.5,11.0,81,8.2,2025-03-28
Lyon,57,57,,4.4,,31.4,10.0,66,4.1,2025-03-28
Bordeaux,50,50,28,6.9,,14.7,,,,2025-03-28
Lille,61,61,8,20.6,1.1,15.6,5.0,79,0.4,2025-03-29
Nice,59,59,20,17.7,1.1,9.1,13.0,82,3.0,2025-03-29
Strasbourg,32,63,32,27.9,,17.6,10.5,66,3.0,2025-03-29
Paris,62,62,18,10.9,0.6,23.4,8.3,78,7.0,2025-03-29
Rennes,38,38,15,5.8,,31.0,5.0,93,4.1,2025-03-29
Nantes,28,28,11,2.5,,28.4,7.0,81,2.5,2025-03-29
Marseille,53,53,22,3.8,0.1,38.1,12.2,57,4.0,2025-03-29
Toulouse,33,15,5,2.1,,32.5,10.0,87,8.2,2025-03-29
Lyon,57,57,,3.8,,29.3,10.0,66,4.8,2025-03-29
Bordeaux,50,50,28,6.9,,14.7,,,,2025-03-29
Lille,61,61,8,20.6,1.1,15.6,5.0,79,0.4,2025-03-29
Nice,52,52,17,15.6,1.1,8.8,12.0,81,2.5,2025-03-29
Strasbourg,27,63,27,15.9,,20.8,11.0,66,3.0,2025-03-29
Paris,65,65,21,9.2,0.6,25.7,8.3,78,5.0,2025-03-29
Rennes,42,42,16,5.4,,25.3,5.0,93,3.6,2025-03-29
Nantes,28,28,11,2.5,,28.4,7.0,81,2.5,2025-03-29
Marseille,55,55,20,4.6,0.2,36.6,11.6,59,3.0,2025-03-29
Toulouse,33,15,5,1.7,,32.8,10.0,93,8.7,2025-03-29
Lyon,57,57,,3.8,,29.3,10.0,66,4.8,2025-03-29
Bordeaux,50,50,28,6.9,,14.7,,,,2025-03-29
Lille,61,61,8,20.6,1.1,15.6,5.0,79.0,0.4,2025-03-29
Nice,49,49,14,13.9,1.1,8.2,12.0,81.0,2.0,2025-03-29
Strasbourg,23,63,20,8.1,,22.5,9.5,73.5,1.5,2025-03-29
Paris,48,48,20,10.5,0.6,25.6,7.9,80.5,4.0,2025-03-29
Rennes,39,39,16,5.1,,23.9,5.0,86.0,3.6,2025-03-29
Nantes,30,28,12,1.5,,30.4,6.0,81.0,3.0,2025-03-29
Marseille,52,52,18,4.1,0.2,36.7,10.5,62.0,4.0,2025-03-29
Toulouse,31,16,5,1.7,,31.0,8.5,87.0,9.2,2025-03-29
Lyon,57,57,,3.8,,29.3,9.0,70.0,3.0,2025-03-29
Bordeaux,50,50,28,6.9,,14.7,,,,2025-03-29
Lille,61,61,8,20.6,1.1,15.6,5.0,79.0,0.4,2025-03-29
Nice,43,43,13,10.7,1.1,10.4,12.0,76.0,3.6,2025-03-29
Strasbourg,30,63,30,5.5,,24.9,9.0,76.0,2.0,2025-03-29
Paris,48,48,20,10.5,0.6,25.6,7.9,80.5,4.0,2025-03-29
Rennes,35,35,15,4.3,,23.7,4.0,86.0,3.0,2025-03-29
Nantes,30,25,11,1.5,,30.4,5.0,86.0,3.0,2025-03-29
Marseille,35,31,11,2.8,0.3,34.9,10.0,63.0,2.0,2025-03-29
Toulouse,32,16,5,1.6,,31.5,8.5,87.0,9.2,2025-03-29
Lyon,43,43,,3.8,,29.3,8.0,78.0,3.0,2025-03-29
Bordeaux,50,50,28,6.9,,14.7,,,,2025-03-29
Lille,61,61,8,20.6,1.1,15.6,5.0,79.0,0.4,2025-03-29
Nice,38,38,11,8.3,1.1,12.4,11.0,81.0,4.1,2025-03-29
Strasbourg,30,63,30,5.5,,24.8,8.0,75.0,3.0,2025-03-29
Paris,49,49,21,10.1,0.6,26.8,7.7,80.6,4.2,2025-03-29
Rennes,32,32,14,3.9,,24.2,3.0,93.0,2.5,2025-03-29
Nantes,30,26,11,1.0,,29.9,5.0,86.0,2.0,2025-03-29
Marseille,36,36,12,2.4,0.3,35.2,9.4,67.0,8.0,2025-03-29
Toulouse,31,29,9,1.7,,31.2,7.5,90.0,7.2,2025-03-29
Lyon,43,43,,3.8,,29.3,8.0,75.0,4.1,2025-03-29
Bordeaux,50,50,28,6.9,,14.7,,,,2025-03-29
Lille,61,61,8,20.6,1.1,15.6,5.0,79.0,0.4,2025-03-29
Nice,32,32,10,8.2,1.1,14.3,11.0,76.0,4.6,2025-03-29
Strasbourg,28,63,28,8.0,,24.3,8.5,75.5,2.8,2025-03-29
Paris,56,56,15,8.7,0.6,18.0,8.1,75.0,6.6,2025-03-29
Rennes,29,29,13,2.9,,24.6,3.0,86.0,2.5,2025-03-29
Nantes,28,27,11,1.5,,27.8,4.0,86.0,1.5,2025-03-29
Marseille,34,33,11,2.9,0.3,33.8,8.8,69.0,10.0,2025-03-29
Toulouse,31,21,7,1.6,,31.3,7.0,84.0,7.7,2025-03-29
Lyon,24,43,,3.0,,23.5,9.0,76.0,3.6,2025-03-29
Bordeaux,50,50,28,6.9,,14.7,,,,2025-03-29
Lille,61,61,8,20.6,1.1,15.6,5.0,79.0,0.4,2025-03-29
Nice,28,28,9,10.4,1.1,12.3,11.0,76.0,4.6,2025-03-29
Strasbourg,31,63,31,4.7,,22.5,8.0,81.0,2.5,2025-03-29
Paris,50,50,14,11.8,0.6,17.6,8.0,72.8,6.0,2025-03-29
Rennes,30,30,14,4.0,,24.8,3.0,93.0,2.5,2025-03-29
Nantes,27,27,12,2.0,,26.3,4.0,93.0,2.0,2025-03-29
Marseille,33,31,11,2.9,0.2,32.7,8.3,72.0,4.0,2025-03-29
Toulouse,32,21,7,1.9,,31.9,6.0,87.0,6.4,2025-03-29
Lyon,24,43,,3.0,,23.5,7.5,87.0,6.9,2025-03-29
Bordeaux,50,50,28,6.9,,14.7,,,,2025-03-29
Lille,61,61,8,20.6,1.1,15.6,5.0,79.0,0.4,2025-03-29
Nice,36,36,12,12.1,1.1,10.3,11.0,73.5,4.1,2025-03-29
Strasbourg,32,63,32,5.8,,19.8,8.5,78.5,3.3,2025-03-29
Paris,18,50,10,15.7,0.6,18.3,6.6,76.5,3.0,2025-03-29
Rennes,30,30,14,4.0,,23.2,3.0,93.0,2.5,2025-03-29
Nantes,26,26,12,2.2,,25.2,4.0,93.0,2.5,2025-03-29
Marseille,38,38,12,3.4,0.2,31.9,7.7,74.0,3.0,2025-03-29
Toulouse,30,21,7,2.9,,30.3,6.0,87.0,6.1,2025-03-29
Lyon,24,43,,2.6,,23.5,8.0,87.0,6.6,2025-03-29
Bordeaux,50,50,28,6.9,,14.7,,,,2025-03-29
Lille,61,61,8,20.6,1.1,15.6,5.0,79.0,0.4,2025-03-29
Nice,42,42,20,16.8,1.1,16.9,16.0,55.0,2.5,2025-03-29
Strasbourg,30,63,30,10.6,,17.3,11.0,71.0,5.1,2025-03-29
Paris,21,49,18,13.1,0.6,20.6,10.1,59.7,6.2,2025-03-29
Rennes,31,18,8,1.6,,30.6,12.0,66.0,4.6,2025-03-29
Nantes,30,26,11,1.1,,30.1,10.5,73.5,3.8,2025-03-29
Marseille,33,15,10,2.2,0.4,33.1,13.3,59.0,3.0,2025-03-29
Toulouse,33,23,9,2.4,,32.6,11.0,53.0,11.3,2025-03-29
Lyon,30,43,,2.6,,29.8,9.0,81.0,9.0,2025-03-29
Bordeaux,50,50,28,6.9,,14.7,,,,2025-03-29
Lille,61,61,8,20.6,1.1,15.6,5.0,79.0,0.4,2025-03-29
Nice,38,36,13,3.3,1.1,38.3,15.5,77.0,4.3,2025-03-29
Strasbourg,30,63,30,10.6,,17.3,11.0,71.0,5.1,2025-03-29
Paris,50,50,26,14.7,0.6,23.6,11.1,53.5,8.0,2025-03-29
Rennes,30,18,8,1.7,,29.9,12.0,54.0,4.6,2025-03-29
Nantes,31,22,9,0.9,,31.2,11.0,62.0,3.0,2025-03-29
Marseille,33,14,9,3.1,0.3,32.8,15.0,52.0,3.0,2025-03-29
Toulouse,34,22,9,2.2,,34.3,10.0,61.0,10.2,2025-03-29
Lyon,30,43,,2.4,,29.8,10.0,76.0,7.2,2025-03-29
Bordeaux,50,50,28,6.9,,14.7,,,,2025-03-29
Lille,61,61,8,20.6,1.1,15.6,5.0,79.0,0.4,2025-03-29
Nice,46,46,16,4.8,1.1,35.3,16.0,67.0,2.5,2025-03-29
Strasbourg,25,63,25,8.3,,23.0,11.5,68.5,4.1,2025-03-29
Paris,30,30,15,13.1,0.6,28.0,12.2,47.5,10.0,2025-03-29
Rennes,32,17,7,1.6,,31.7,13.0,54.0,3.0,2025-03-29
Nantes,32,18,7,0.9,,32.2,12.0,58.0,3.0,2025-03-29
Marseille,32,16,9,3.5,0.3,32.0,15.5,48.0,2.0,2025-03-29
Toulouse,34,20,8,2.7,,34.2,11.0,57.0,11.3,2025-03-29
Lyon,28,43,,2.4,,28.4,10.0,76.0,7.4,2025-03-29
Bordeaux,50,50,28,6.9,,14.7,,,,2025-03-29
Lille,61,61,8,20.6,1.1,15.6,5.0,79,0.4,2025-03-29
Nice,48,48,17,5.0,1.1,35.7,16.0,72,3.0,2025-03-29
Strasbourg,25,63,25,11.4,,23.8,12.5,64,3.8,2025-03-29
Paris,38,38,15,9.5,0.6,28.2,12.7,45,9.0,2025-03-29
Rennes,33,15,6,1.6,,32.7,14.0,47,3.0,2025-03-29
Nantes,33,17,6,0.6,,33.0,12.5,56,3.0,2025-03-29
Marseille,31,15,9,3.9,0.3,31.0,15.0,56,1.0,2025-03-29
Toulouse,34,24,9,2.4,,33.6,11.0,62,9.7,2025-03-29
Lyon,25,43,,3.7,,25.3,9.5,76,9.0,2025-03-29
Bordeaux,50,50,28,6.9,,14.7,,,,2025-03-29
Lille,61,61,8,20.6,1.1,15.6,5.0,79,0.4,2025-03-29
Nice,49,49,18,6.4,1.1,35.8,16.0,72,4.6,2025-03-29
Strasbourg,23,63,23,9.3,,22.6,13.0,62,3.0,2025-03-29
Paris,37,37,15,9.1,0.6,30.2,13.3,45,5.0,2025-03-29
Rennes,34,15,6,1.4,,33.6,14.0,47,3.0,2025-03-29
Nantes,34,14,5,0.6,,34.2,13.5,54,3.6,2025-03-29
Marseille,29,18,10,5.7,0.3,28.8,15.0,56,5.0,2025-03-29
Toulouse,34,24,9,2.5,,33.5,11.5,60,8.7,2025-03-29
Lyon,25,43,,3.7,,25.3,10.0,71,10.2,2025-03-29
Bordeaux,50,50,28,6.9,,14.7,,,,2025-03-29
Lille,61,61,8,20.6,1.1,15.6,5.0,79.0,0.4,2025-03-29
Nice,44,44,15,7.8,1.1,34.6,16.0,77.0,4.1,2025-03-29
Strasbourg,26,63,20,6.9,,25.6,14.0,58.0,2.5,2025-03-29
Paris,37,37,8,9.7,0.6,31.1,13.6,42.5,6.5,2025-03-29
Rennes,34,13,6,1.3,,33.9,15.0,47.0,3.0,2025-03-29
Nantes,35,12,5,0.5,,35.0,14.0,50.0,3.6,2025-03-29
Marseille,30,20,10,5.4,0.2,29.8,14.4,59.0,1.0,2025-03-29
Toulouse,35,23,8,2.3,,34.7,13.0,54.0,7.9,2025-03-29
Lyon,26,43,,3.9,,26.3,11.0,66.0,11.3,2025-03-29
Bordeaux,50,50,28,6.9,,14.7,,,,2025-03-29
Lille,61,61,8,20.6,1.1,15.6,5.0,79.0,0.4,2025-03-29
Nice,45,45,15,8.3,1.1,32.9,17.0,72.0,3.0,2025-03-29
Strasbourg,27,63,9,6.9,,26.6,14.0,58.0,3.6,2025-03-29
Paris,41,41,19,10.5,0.6,29.7,13.6,39.5,6.5,2025-03-29
Rennes,34,16,8,1.4,,34.1,14.0,44.0,2.0,2025-03-29
Nantes,35,11,5,0.6,,35.1,14.0,47.0,3.0,2025-03-29
Marseille,28,24,11,6.3,0.3,28.3,15.0,57.0,4.0,2025-03-29
Toulouse,35,23,8,2.3,,34.7,13.0,47.0,9.2,2025-03-29
Lyon,28,43,,3.9,,28.2,11.0,66.0,8.2,2025-03-29
Bordeaux,50,50,28,6.9,,14.7,,,,2025-03-29
Lille,61,61,8,20.6,1.1,15.6,5.0,79.0,0.4,2025-03-29
Nice,46,46,17,10.0,1.1,30.0,17.0,67.0,3.0,2025-03-29
Strasbourg,27,63,10,8.5,,27.3,13.0,58.0,3.0,2025-03-29
Paris,43,43,19,12.1,0.6,31.0,13.3,41.3,6.3,2025-03-29
Rennes,35,16,7,1.6,,34.5,14.0,47.0,2.0,2025-03-29
Nantes,35,11,5,0.8,,34.9,13.0,58.0,5.1,2025-03-29
Marseille,30,30,13,6.2,0.3,25.8,15.0,56.0,4.0,2025-03-29
Toulouse,35,23,8,2.5,,35.2,12.0,46.0,9.2,2025-03-29
Lyon,28,43,,4.0,,28.1,11.0,64.0,6.6,2025-03-29
Bordeaux,50,50,28,6.9,,14.7,,,,2025-03-29
Lille,61,61,8,20.6,1.1,15.6,5.0,79.0,0.4,2025-03-29
Nice,39,39,14,13.1,1.1,26.9,15.0,82.0,3.0,2025-03-29
Strasbourg,27,63,13,10.5,,27.3,12.0,62.0,1.5,2025-03-29
Paris,52,52,17,14.4,0.6,31.4,12.2,44.2,5.0,2025-03-29
Rennes,34,18,8,2.8,,34.3,14.0,44.0,0.5,2025-03-29
Nantes,35,23,9,1.9,,35.4,11.0,66.0,4.6,2025-03-29
Marseille,39,39,13,6.6,0.3,22.7,12.2,64.0,3.0,2025-03-29
Toulouse,36,18,7,2.9,,35.8,11.5,48.0,6.9,2025-03-29
Lyon,28,43,,4.7,,28.1,11.0,62.0,7.2,2025-03-29
Bordeaux,50,50,28,6.9,,14.7,,,,2025-03-29
Lille,61,61,8,20.6,1.1,15.6,5.0,79,0.4,2025-03-29
Nice,36,36,15,10.2,1.1,27.8,15.0,82,2.0,2025-03-29
Strasbourg,26,63,18,13.4,,26.2,10.0,71,1.5,2025-03-29
Paris,52,52,17,14.4,0.6,31.4,16.1,51,8.0,2025-03-29
Rennes,31,29,12,4.3,,31.0,11.0,53,1.0,2025-03-29
Nantes,34,26,10,3.5,,33.6,10.0,71,3.6,2025-03-29
Marseille,45,45,14,7.6,0.2,21.8,10.5,70,2.5,2025-03-29
Toulouse,34,18,7,3.8,,34.3,11.0,50,6.1,2025-03-29
Lyon,29,43,,3.5,,29.3,11.0,57,8.2,2025-03-29
Bordeaux,50,50,28,6.9,,14.7,,,,2025-03-29
Lille,61,61,8,20.6,1.1,15.6,5.0,79.0,0.4,2025-03-29
Nice,55,55,20,25.1,1.1,8.5,15.0,82.0,2.3,2025-03-29
Strasbourg,26,63,11,13.7,,26.2,8.0,81.0,2.0,2025-03-29
Paris,31,52,15,17.7,0.6,31.4,14.4,54.0,7.0,2025-03-29
Rennes,66,66,12,7.6,,23.1,10.0,61.0,1.5,2025-03-29
Nantes,31,28,11,4.4,,30.5,9.5,73.5,3.3,2025-03-29
Marseille,40,40,12,7.2,0.2,21.8,9.4,74.0,2.5,2025-03-29
Toulouse,33,15,6,4.5,,32.8,10.5,51.5,5.4,2025-03-29
Lyon,33,43,,3.1,,33.1,10.0,57.0,6.6,2025-03-29
Bordeaux,50,50,28,6.9,,14.7,,,,2025-03-29
Lille,61,61,8,20.6,1.1,15.6,5.0,79,0.4,2025-03-29
Nice,55,55,18,22.8,1.1,7.4,14.0,76,2.0,2025-03-29
Strasbourg,24,63,17,25.4,,24.1,7.0,81,1.0,2025-03-29
Paris,30,48,17,23.4,0.6,29.9,13.3,59,7.0,2025-03-29
Rennes,65,65,25,15.5,,16.0,9.0,70,2.0,2025-03-29
Nantes,31,30,11,3.7,,30.6,8.0,81,2.0,2025-03-29
Marseille,36,36,11,8.2,0.2,20.7,8.8,75,2.5,2025-03-29
Toulouse,31,15,6,3.6,,30.9,10.0,53,5.4,2025-03-29
Lyon,33,43,,3.0,,33.1,10.0,57,7.2,2025-03-29
Bordeaux,50,50,28,6.9,,14.7,,,,2025-03-29
Lille,61,61,8,20.6,1.1,15.6,5.0,79,0.4,2025-03-29
Nice,51,51,16,16.3,1.1,11.5,14.0,76,2.0,2025-03-29
Strasbourg,24,63,17,25.4,,24.1,7.0,81,1.0,2025-03-29
Paris,52,52,17,18.6,0.6,19.3,12.2,62,1.0,2025-03-29
Rennes,54,54,18,11.4,,18.5,8.0,81,2.0,2025-03-29
Nantes,30,30,12,4.1,,28.9,7.0,87,2.0,2025-03-29
Marseille,30,30,11,7.0,0.2,22.1,7.7,77,1.0,2025-03-29
Toulouse,30,15,6,3.2,,30.3,10.0,57,5.6,2025-03-29
Lyon,32,43,,3.0,,32.0,9.0,61,7.2,2025-03-29
Bordeaux,50,50,28,6.9,,14.7,,,,2025-03-29
Lille,61,61,8,20.6,1.1,15.6,5.0,79.0,0.4,2025-03-30
Nice,50,50,14,14.0,1.1,11.6,14.0,71.0,4.6,2025-03-30
Strasbourg,34,63,34,31.3,,0.7,6.0,70.0,2.5,2025-03-30
Paris,54,54,20,20.6,0.6,18.5,11.1,66.5,1.0,2025-03-30
Rennes,41,41,14,5.6,,23.2,8.0,81.0,2.0,2025-03-30
Nantes,32,32,12,4.6,,26.7,7.0,87.0,1.8,2025-03-30
Marseille,30,30,11,6.8,0.1,23.2,7.2,78.0,0.7,2025-03-30
Toulouse,29,17,6,4.2,,29.3,8.5,68.0,5.1,2025-03-30
Lyon,32,43,,2.9,,32.0,8.0,65.0,5.6,2025-03-30
Bordeaux,50,50,28,6.9,,14.7,,,,2025-03-30
Lille,61,61,8,20.6,1.1,15.6,5.0,79.0,0.4,2025-03-30
Nice,48,48,14,12.1,1.1,12.4,14.0,67.0,5.1,2025-03-30
Strasbourg,31,63,31,26.7,,4.5,4.0,80.0,2.5,2025-03-30
Paris,176,176,22,29.8,0.6,15.9,11.1,64.0,8.0,2025-03-30
Rennes,34,34,13,4.8,,23.6,8.0,81.0,2.0,2025-03-30
Nantes,34,34,13,4.3,,27.2,6.0,93.0,1.5,2025-03-30
Marseille,33,33,11,9.1,0.2,19.5,6.1,81.0,2.0,2025-03-30
Toulouse,29,17,6,3.8,,28.7,7.5,72.5,4.8,2025-03-30
Lyon,39,39,,3.2,,30.5,7.5,67.5,5.6,2025-03-30
Bordeaux,50,50,28,6.9,,14.7,,,,2025-03-30
Lille,61,61,8,20.6,1.1,15.6,5.0,79.0,0.4,2025-03-30
Nice,43,43,12,10.1,1.1,13.9,14.0,62.0,3.0,2025-03-30
Strasbourg,5,63,31,25.4,,4.7,4.0,80.0,2.5,2025-03-30
Paris,176,176,22,28.5,0.6,16.9,10.5,64.5,5.5,2025-03-30
Rennes,34,34,13,4.8,,23.6,9.0,81.0,2.0,2025-03-30
Nantes,33,33,14,3.8,,27.7,6.0,93.0,1.0,2025-03-30
Marseille,32,32,12,6.3,0.2,24.3,6.1,83.0,0.5,2025-03-30
Toulouse,29,17,6,3.8,,28.7,7.5,72.5,4.8,2025-03-30
Lyon,42,42,,4.3,,30.5,7.0,70.0,6.6,2025-03-30
Bordeaux,50,50,28,6.9,,14.7,,,,2025-03-30
Lille,61,61,8,20.6,1.1,15.6,5.0,79,0.4,2025-03-30
Nice,36,36,11,9.5,1.1,14.3,13.0,62,3.6,2025-03-30
Strasbourg,30,63,30,15.3,,8.8,3.5,83,0.5,2025-03-30
Paris,58,58,26,29.8,0.6,16.7,10.5,65,8.0,2025-03-30
Rennes,34,34,13,3.0,,28.3,10.0,81,2.5,2025-03-30
Nantes,31,31,13,3.2,,26.4,6.0,100,1.0,2025-03-30
Marseille,33,33,12,4.5,0.2,25.4,5.5,84,0.5,2025-03-30
Toulouse,18,18,6,3.7,,27.7,6.0,81,5.1,2025-03-30
Lyon,42,42,,3.2,,30.5,7.0,70,6.9,2025-03-30
Bordeaux,50,50,28,6.9,,14.7,,,,2025-03-30
Lille,61,61,8,20.6,1.1,15.6,5.0,79,0.4,2025-03-30
Nice,33,33,10,9.4,1.1,13.9,13.0,58,3.6,2025-03-30
Strasbourg,24,63,24,15.3,,8.8,2.0,86,1.2,2025-03-30
Paris,58,58,26,29.8,0.6,16.7,10.5,65,8.0,2025-03-30
Rennes,31,24,10,2.1,,30.7,9.0,93,3.0,2025-03-30
Nantes,27,27,12,3.2,,26.0,5.0,100,0.5,2025-03-30
Marseille,34,34,11,5.2,0.2,24.8,5.5,84,0.5,2025-03-30
Toulouse,18,18,6,3.7,,27.7,6.0,81,5.1,2025-03-30
Lyon,42,42,,2.4,,30.5,7.0,70,6.1,2025-03-30
Bordeaux,50,50,28,6.9,,14.7,,,,2025-03-30
Lille,61,61,8,20.6,1.1,15.6,5.0,79,0.4,2025-03-30
Nice,30,30,9,9.9,1.1,13.1,13.0,58,5.6,2025-03-30
Strasbourg,24,63,24,15.3,,16.0,1.5,86,1.2,2025-03-30
Paris,58,58,26,29.8,0.6,16.7,10.5,65,8.0,2025-03-30
Rennes,31,20,7,2.2,,30.8,9.0,93,2.5,2025-03-30
Nantes,31,31,12,7.3,,18.1,6.0,100,1.5,2025-03-30
Marseille,36,36,11,5.0,0.2,26.1,5.0,84,1.0,2025-03-30
Toulouse,23,18,6,3.6,,23.0,6.0,81,5.1,2025-03-30
Lyon,42,42,,2.4,,30.5,6.0,70,5.1,2025-03-30
Bordeaux,50,50,28,6.9,,14.7,,,,2025-03-30
Lille,61,61,8,20.6,1.1,15.6,5.0,79.0,0.4,2025-03-30
Nice,28,28,9,11.3,1.1,12.0,12.0,58.0,4.6,2025-03-30
Strasbourg,26,63,26,17.8,,3.1,1.0,86.0,0.5,2025-03-30
Paris,38,38,11,28.6,0.6,27.9,10.0,61.8,8.0,2025-03-30
Rennes,30,21,8,1.9,,29.7,10.0,93.0,2.5,2025-03-30
Nantes,29,29,12,5.9,,20.2,5.0,100.0,1.5,2025-03-30
Marseille,38,38,11,3.9,0.1,25.9,5.0,85.0,0.7,2025-03-30
Toulouse,24,19,6,3.1,,23.6,5.0,86.0,4.1,2025-03-30
Lyon,42,42,,2.4,,30.5,5.5,72.5,4.6,2025-03-30
Bordeaux,50,50,28,6.9,,14.7,,,,2025-03-30
Lille,61,61,8,20.6,1.1,15.6,5.0,79.0,0.4,2025-03-30
Nice,26,26,9,13.2,1.1,9.3,12.0,58.0,4.6,2025-03-30
Strasbourg,21,63,21,13.9,,0.5,3.0,86.0,1.5,2025-03-30
Paris,30,30,10,15.7,0.6,29.4,10.5,62.4,8.0,2025-03-30
Rennes,28,24,9,2.3,,27.5,10.0,93.0,2.0,2025-03-30
Nantes,29,29,12,5.9,,20.2,5.0,100.0,1.5,2025-03-30
Marseille,45,45,15,7.7,0.2,21.0,5.0,86.0,1.0,2025-03-30
Toulouse,24,20,7,3.2,,24.2,5.0,86.0,3.6,2025-03-30
Lyon,42,42,,2.7,,27.5,5.5,72.5,4.6,2025-03-30
Bordeaux,50,50,28,6.9,,14.7,,,,2025-03-30
Lille,61,61,8,20.6,1.1,15.6,5.0,79,0.4,2025-03-30
Nice,23,23,9,13.6,1.1,9.4,14.0,54,5.1,2025-03-30
Strasbourg,20,63,20,12.0,,4.8,6.0,87,2.0,2025-03-30
Paris,28,48,9,28.6,0.6,27.9,10.5,66,13.0,2025-03-30
Rennes,25,24,8,3.1,,25.1,11.0,93,3.0,2025-03-30
Nantes,25,25,10,10.9,,14.6,10.0,93,2.0,2025-03-30
Marseille,45,45,13,7.8,0.1,22.3,6.1,87,0.2,2025-03-30
Toulouse,20,20,7,4.8,,19.1,7.5,78,4.1,2025-03-30
Lyon,26,42,,3.1,,25.9,8.0,65,5.1,2025-03-30
Bordeaux,50,50,28,6.9,,14.7,,,,2025-03-30
Lille,61,61,8,20.6,1.1,15.6,5.0,79.0,0.4,2025-03-30
Nice,28,28,11,15.6,1.1,9.7,14.5,52.5,5.1,2025-03-30
Strasbourg,20,63,20,10.5,,7.8,6.5,81.0,2.3,2025-03-30
Paris,48,48,12,28.6,0.6,27.3,10.0,74.0,2.0,2025-03-30
Rennes,25,15,5,2.8,,24.9,12.0,87.0,4.1,2025-03-30
Nantes,26,26,11,7.1,,19.6,10.0,96.5,2.5,2025-03-30
Marseille,42,42,12,7.0,0.3,23.0,10.5,71.0,0.2,2025-03-30
Toulouse,20,20,7,4.8,,19.1,9.5,73.5,4.3,2025-03-30
Lyon,26,42,,3.1,,25.9,8.0,65.0,5.1,2025-03-30
Bordeaux,50,50,28,6.9,,14.7,,,,2025-03-30
Lille,61,61,8,20.6,1.1,15.6,5.0,79.0,0.4,2025-03-30
Nice,31,31,11,8.7,1.1,22.1,16.5,46.5,3.6,2025-03-30
Strasbourg,21,63,21,9.1,,14.9,9.5,66.0,3.0,2025-03-30
Paris,40,40,21,17.1,0.6,27.5,12.7,77.0,12.0,2025-03-30
Rennes,23,7,3,2.4,,23.2,12.0,87.0,5.6,2025-03-30
Nantes,29,18,7,2.8,,28.9,11.5,96.5,3.6,2025-03-30
Marseille,40,40,11,6.1,1.0,23.6,13.8,61.0,1.0,2025-03-30
Toulouse,28,20,7,2.7,,27.6,11.5,66.0,4.3,2025-03-30
Lyon,45,45,,3.1,,27.1,11.0,57.0,5.6,2025-03-30
Bordeaux,50,50,28,6.9,,14.7,,,,2025-03-30
Lille,61,61,8,20.6,1.1,15.6,5.0,79.0,0.4,2025-03-30
Nice,27,25,9,6.1,1.1,27.0,17.0,63.0,2.5,2025-03-30
Strasbourg,22,63,22,8.3,,19.5,14.0,41.0,5.6,2025-03-30
Paris,34,34,10,11.5,0.6,27.5,14.6,79.7,14.0,2025-03-30
Rennes,22,4,2,1.7,,22.3,13.0,82.0,4.6,2025-03-30
Nantes,31,6,3,1.5,,31.4,13.0,93.0,3.0,2025-03-30
Marseille,28,28,9,5.2,0.5,26.1,16.1,56.0,3.0,2025-03-30
Toulouse,21,21,7,2.7,,27.6,13.0,54.0,6.1,2025-03-30
Lyon,45,45,,3.1,,29.7,13.0,47.0,6.1,2025-03-30
Bordeaux,50,50,28,6.9,,14.7,,,,2025-03-30
Lille,61,61,8,20.6,1.1,15.6,5.0,79.0,0.4,2025-03-30
Nice,29,16,6,6.7,1.1,29.1,17.0,67.0,5.6,2025-03-30
Strasbourg,26,63,17,6.2,,26.4,14.0,41.0,4.6,2025-03-30
Paris,28,34,7,6.9,0.6,27.5,14.4,82.5,14.0,2025-03-30
Rennes,22,4,2,1.8,,22.3,14.0,76.0,4.1,2025-03-30
Nantes,31,5,2,1.0,,30.7,14.0,87.0,4.1,2025-03-30
Marseille,29,24,9,4.3,0.3,28.9,17.2,51.0,2.0,2025-03-30
Toulouse,30,21,7,2.4,,30.1,14.0,47.0,6.1,2025-03-30
Lyon,44,44,,3.1,,29.7,14.0,47.0,7.7,2025-03-30
Bordeaux,50,50,28,6.9,,14.7,,,,2025-03-30
Lille,61,61,8,20.6,1.1,15.6,5.0,79.0,0.4,2025-03-30
Nice,35,15,6,3.3,1.1,34.7,18.0,63.0,6.1,2025-03-30
Strasbourg,26,63,20,6.4,,26.4,14.0,47.0,6.1,2025-03-30
Paris,34,34,17,7.7,0.6,25.5,19.4,66.0,18.0,2025-03-30
Rennes,26,7,2,1.3,,25.8,14.0,71.0,4.6,2025-03-30
Nantes,29,16,4,1.6,,28.7,14.0,84.5,3.3,2025-03-30
Marseille,31,23,9,4.9,0.3,30.7,18.3,49.0,5.0,2025-03-30
Toulouse,34,21,7,1.7,,34.4,15.0,47.0,7.2,2025-03-30
Lyon,44,44,,3.1,,34.8,14.0,47.0,7.2,2025-03-30
Bordeaux,50,50,28,6.9,,14.7,,,,2025-03-30
Lille,61,61,8,20.6,1.1,15.6,5.0,79,0.4,2025-03-30
Nice,38,15,6,2.8,1.1,37.9,18.0,63,4.1,2025-03-30
Strasbourg,34,63,12,6.1,,34.0,14.0,54,5.1,2025-03-30
Paris,31,31,11,7.6,0.6,25.5,26.3,66,18.0,2025-03-30
Rennes,29,12,4,1.0,,29.1,16.0,67,5.6,2025-03-30
Nantes,28,13,4,1.1,,27.9,14.0,82,3.6,2025-03-30
Marseille,32,23,10,5.6,0.4,32.1,18.8,46,5.0,2025-03-30
Toulouse,35,18,6,1.6,,35.4,15.0,44,8.2,2025-03-30
Lyon,35,34,,3.1,,35.0,15.0,41,7.2,2025-03-30
Bordeaux,50,50,28,6.9,,14.7,,,,2025-03-30
Lille,61,61,8,20.6,1.1,15.6,5.0,79.0,0.4,2025-03-30
Nice,42,11,5,2.4,1.1,41.8,19.0,59.0,2.5,2025-03-30
Strasbourg,34,63,8,7.3,,33.6,13.0,54.0,7.7,2025-03-30
Paris,26,23,11,7.6,0.6,25.5,28.0,66.0,18.0,2025-03-30
Rennes,32,20,7,1.1,,31.5,17.0,55.0,5.1,2025-03-30
Nantes,27,10,3,1.0,,27.3,14.0,82.0,3.0,2025-03-30
Marseille,33,20,9,7.2,0.4,32.7,19.4,43.0,3.0,2025-03-30
Toulouse,15,15,6,1.7,,35.2,16.0,39.5,7.9,2025-03-30
Lyon,36,34,,3.1,,35.8,16.0,38.0,6.6,2025-03-30
Bordeaux,50,50,28,6.9,,14.7,,,,2025-03-30
Lille,61,61,8,20.6,1.1,15.6,5.0,79,0.4,2025-03-30
Nice,43,10,4,2.3,1.1,42.9,18.0,67,3.6,2025-03-30
Strasbourg,34,63,8,6.3,,33.6,13.0,62,5.1,2025-03-30
Paris,29,29,10,6.8,0.6,28.7,27.5,66,18.0,2025-03-30
Rennes,34,26,9,1.1,,33.6,17.0,55,5.6,2025-03-30
Nantes,28,9,3,0.7,,28.4,16.0,72,3.0,2025-03-30
Marseille,33,18,9,8.8,0.5,32.8,20.0,40,2.0,2025-03-30
Toulouse,35,14,6,1.6,,34.8,16.5,40,7.7,2025-03-30
Lyon,36,16,,3.1,,35.8,15.0,41,6.6,2025-03-30
Bordeaux,35,,16,1.4,,35.0,15.0,58,4.8,2025-03-30
Lille,61,61,8,20.6,1.1,15.6,5.0,79.0,0.4,2025-03-30
Nice,39,16,8,3.6,1.1,38.8,18.5,65.0,3.6,2025-03-30
Strasbourg,31,63,9,7.6,,30.9,10.0,87.0,5.1,2025-03-30
Paris,35,35,13,6.8,0.6,30.0,24.2,66.0,18.0,2025-03-30
Rennes,35,28,10,1.3,,35.1,17.0,48.0,5.6,2025-03-30
Nantes,30,12,3,0.7,,29.7,16.0,72.0,2.8,2025-03-30
Marseille,32,18,9,9.4,0.5,32.3,19.4,40.0,4.0,2025-03-30
Toulouse,35,14,6,2.2,,34.7,16.0,42.5,6.9,2025-03-30
Lyon,36,16,,3.1,,35.9,15.0,47.0,4.1,2025-03-30
Bordeaux,35,,24,1.4,,35.4,15.0,62.0,4.1,2025-03-30
Lille,61,61,8,20.6,1.1,15.6,5.0,79.0,0.4,2025-03-30
Nice,39,15,7,6.4,1.1,38.7,19.0,53.5,4.1,2025-03-30
Strasbourg,28,63,17,8.1,,27.9,10.5,81.5,4.6,2025-03-30
Paris,31,31,10,8.6,0.6,29.2,22.7,54.7,12.7,2025-03-30
Rennes,35,30,11,1.6,,34.6,17.0,51.5,5.4,2025-03-30
Nantes,30,8,3,1.0,,29.7,17.0,63.0,2.0,2025-03-30
Marseille,35,18,10,6.2,0.3,35.1,18.3,40.0,5.0,2025-03-30
Toulouse,35,13,6,2.2,,35.0,15.0,44.0,6.1,2025-03-30
Lyon,34,16,,3.1,,34.1,15.0,49.0,4.3,2025-03-30
Bordeaux,33,,24,1.4,,33.3,14.5,64.5,4.1,2025-03-30
Lille,61,61,8,20.6,1.1,15.6,5.0,79.0,0.4,2025-03-30
Nice,39,15,6,6.8,1.1,39.0,17.0,55.0,3.6,2025-03-30
Strasbourg,26,63,13,7.6,,25.8,10.0,71.0,4.1,2025-03-30
Paris,32,70,16,8.0,0.6,31.5,19.2,58.0,13.0,2025-03-30
Rennes,42,42,14,1.9,,33.6,13.0,71.0,5.1,2025-03-30
Nantes,29,10,4,1.5,,28.6,14.0,82.0,4.1,2025-03-30
Marseille,35,18,11,5.6,0.3,34.9,15.5,44.0,2.0,2025-03-30
Toulouse,35,12,5,3.1,,35.3,13.5,48.5,4.1,2025-03-30
Lyon,32,16,,2.6,,31.5,14.0,54.0,6.1,2025-03-30
Bordeaux,33,,24,1.4,,33.3,14.5,64.5,4.1,2025-03-30
Lille,61,61,8,20.6,1.1,15.6,5.0,79.0,0.4,2025-03-30
Nice,28,21,9,13.6,1.1,27.5,16.0,67.0,1.5,2025-03-30
Strasbourg,25,63,10,7.6,,24.5,10.0,71.0,4.1,2025-03-30
Paris,70,70,17,9.5,0.6,30.9,16.6,63.6,9.0,2025-03-30
Rennes,46,46,15,3.0,,31.8,11.0,76.0,3.0,2025-03-30
Nantes,25,13,4,3.1,,24.9,12.0,81.0,3.0,2025-03-30
Marseille,33,17,9,7.1,0.3,32.5,13.3,47.0,2.0,2025-03-30
Toulouse,35,12,5,3.1,,35.3,11.0,57.0,2.5,2025-03-30
Lyon,30,16,,2.6,,30.3,13.5,60.0,4.8,2025-03-30
Bordeaux,32,,24,1.4,,32.1,13.0,71.0,4.8,2025-03-30
Lille,61,61,8,20.6,1.1,15.6,5.0,79.0,0.4,2025-03-30
Nice,35,35,13,17.2,1.1,20.4,15.0,58.0,1.5,2025-03-30
Strasbourg,22,63,9,13.6,,22.1,9.5,70.5,3.3,2025-03-30
Paris,51,51,19,11.2,0.6,30.9,15.0,66.5,6.0,2025-03-30
Rennes,51,51,17,4.0,,28.4,9.0,87.0,3.6,2025-03-30
Nantes,25,10,4,2.3,,24.7,11.5,84.0,2.5,2025-03-30
Marseille,34,14,7,6.0,0.2,33.6,11.6,52.0,1.0,2025-03-30
Toulouse,32,15,6,5.7,,32.4,12.0,54.0,4.1,2025-03-30
Lyon,29,16,,2.9,,29.0,12.0,62.0,3.8,2025-03-30
Bordeaux,32,,24,1.4,,32.1,13.0,71.0,4.8,2025-03-30
Lille,61,61,8,20.6,1.1,15.6,5.0,79.0,0.4,2025-03-30
Nice,30,30,11,9.7,1.1,25.6,15.0,56.0,1.8,2025-03-30
Strasbourg,22,63,13,15.6,,21.5,10.0,73.5,3.8,2025-03-30
Paris,41,41,16,14.0,0.6,28.2,13.8,71.0,9.0,2025-03-30
Rennes,53,53,18,3.9,,27.7,8.0,93.0,3.0,2025-03-30
Nantes,21,13,5,3.6,,20.8,9.0,93.0,1.0,2025-03-30
Marseille,33,14,8,5.4,0.2,33.3,10.5,53.0,0.5,2025-03-30
Toulouse,18,18,8,7.7,,28.3,12.0,58.0,5.1,2025-03-30
Lyon,28,16,,2.9,,27.9,12.0,66.0,2.3,2025-03-30
Bordeaux,32,,24,1.4,,32.1,13.0,71.0,4.8,2025-03-30
Lille,61,61,8,20.6,1.1,15.6,5.0,79.0,0.4,2025-03-31
Nice,27,27,10,9.8,1.1,23.4,14.0,67.0,2.5,2025-03-31
Strasbourg,23,63,14,14.0,,22.6,10.0,73.5,4.6,2025-03-31
Paris,43,43,20,8.3,0.6,23.8,11.9,73.0,7.5,2025-03-31
Rennes,55,55,19,3.8,,26.6,8.0,93.0,3.0,2025-03-31
Nantes,17,17,6,4.6,,17.1,8.0,100.0,1.0,2025-03-31
Marseille,33,15,9,4.5,0.3,32.7,11.6,54.0,3.0,2025-03-31
Toulouse,27,18,8,8.6,,27.2,11.0,66.0,5.6,2025-03-31
Lyon,27,16,,2.0,,27.3,12.0,71.0,4.6,2025-03-31
Bordeaux,32,,24,1.4,,32.1,13.0,71.0,4.8,2025-03-31
Lille,61,61,8,20.6,1.1,15.6,5.0,79.0,0.4,2025-03-31
Nice,27,27,10,9.8,1.1,23.4,14.5,59.0,2.3,2025-03-31
Strasbourg,20,63,7,8.6,,19.6,9.0,70.0,4.1,2025-03-31
Paris,59,59,21,12.6,0.6,22.9,12.2,78.0,6.0,2025-03-31
Rennes,56,56,20,3.4,,25.8,7.0,93.0,1.0,2025-03-31
Nantes,21,17,6,3.3,,21.3,7.5,96.5,1.2,2025-03-31
Marseille,33,15,9,4.5,0.3,32.7,12.2,57.0,3.0,2025-03-31
Toulouse,18,18,8,8.6,,27.2,9.0,81.0,4.1,2025-03-31
Lyon,27,,,,,27.0,11.0,76.0,4.6,2025-03-31
Bordeaux,32,,24,1.4,,32.1,13.0,71.0,4.8,2025-03-31
Lille,61,61,8,20.6,1.1,15.6,5.0,79.0,0.4,2025-03-31
Nice,27,27,10,9.9,1.1,20.3,14.5,52.5,2.8,2025-03-31
Strasbourg,20,63,15,6.5,,20.0,8.0,70.0,3.0,2025-03-31
Paris,24,61,24,14.8,0.6,20.6,9.4,78.0,4.4,2025-03-31
Rennes,56,56,20,3.4,,25.8,7.0,93.0,1.0,2025-03-31
Nantes,29,29,10,1.8,,25.4,8.0,87.0,2.5,2025-03-31
Marseille,31,15,8,3.2,0.3,31.3,11.9,58.2,1.5,2025-03-31
Toulouse,27,27,9,3.0,,26.4,9.0,81.0,4.1,2025-03-31
Lyon,26,10,,2.0,,26.2,11.0,76.0,3.6,2025-03-31
Bordeaux,32,,24,1.4,,32.1,13.0,71.0,4.8,2025-03-31
Lille,61,61,8,20.6,1.1,15.6,5.0,79.0,0.4,2025-03-31
Nice,20,20,7,7.5,1.1,19.5,14.0,54.0,4.1,2025-03-31
Strasbourg,21,63,18,6.8,,21.4,9.0,61.0,4.1,2025-03-31
Paris,61,61,30,15.3,0.6,18.5,10.7,81.0,6.3,2025-03-31
Rennes,55,55,20,2.8,,24.0,6.5,100.0,1.2,2025-03-31
Nantes,41,41,13,1.5,,25.4,8.0,90.0,2.3,2025-03-31
Marseille,32,13,7,1.2,0.2,31.8,10.5,68.6,1.6,2025-03-31
Toulouse,24,20,7,3.2,,23.5,8.0,87.0,3.3,2025-03-31
Lyon,26,10,,1.8,,26.2,10.0,81.0,3.6,2025-03-31
Bordeaux,32,,24,1.4,,32.1,13.0,71.0,4.8,2025-03-31
Lille,61,61,8,20.6,1.1,15.6,5.0,79.0,0.4,2025-03-31
Nice,20,20,8,7.5,1.1,18.6,14.0,54.0,1.5,2025-03-31
Strasbourg,24,63,13,5.2,,23.6,9.0,61.0,4.1,2025-03-31
Paris,54,54,21,12.2,0.6,18.5,10.1,87.0,6.6,2025-03-31
Rennes,56,56,20,2.8,,24.0,6.0,100.0,1.5,2025-03-31
Nantes,49,49,17,1.6,,24.6,7.0,93.0,2.5,2025-03-31
Marseille,32,11,6,1.2,0.2,31.7,10.0,71.5,1.0,2025-03-31
Toulouse,24,20,7,3.2,,23.5,8.0,87.0,3.3,2025-03-31
Lyon,26,10,,1.5,,26.2,8.0,87.0,3.6,2025-03-31
Bordeaux,32,,24,1.4,,32.1,13.0,71.0,4.8,2025-03-31
Lille,61,61,8,20.6,1.1,15.6,5.0,79,0.4,2025-03-31
Nice,25,25,18,7.8,1.1,15.3,13.0,58,1.5,2025-03-31
Strasbourg,25,63,18,3.9,,24.7,9.0,61,4.3,2025-03-31
Paris,21,56,21,15.5,0.6,17.3,7.7,86,2.0,2025-03-31
Rennes,56,56,16,3.2,,21.8,5.0,100,0.7,2025-03-31
Nantes,50,50,17,2.0,,21.8,7.0,93,2.3,2025-03-31
Marseille,31,10,6,1.3,0.2,31.4,9.4,74,1.5,2025-03-31
Toulouse,20,20,6,3.2,,19.6,8.0,87,3.8,2025-03-31
Lyon,17,17,,1.8,,26.2,8.0,93,4.1,2025-03-31
Bordeaux,32,,24,1.4,,32.1,13.0,71,4.8,2025-03-31
Lille,61,61,8,20.6,1.1,15.6,5.0,79,0.4,2025-03-31
Nice,19,19,8,10.0,1.1,12.0,12.0,66,2.0,2025-03-31
Strasbourg,26,63,11,3.7,,26.4,9.0,61,4.8,2025-03-31
Paris,56,56,20,15.5,0.6,15.8,8.8,93,3.0,2025-03-31
Rennes,22,22,6,3.0,,19.1,5.0,100,0.5,2025-03-31
Nantes,52,52,17,2.3,,21.8,5.0,93,2.0,2025-03-31
Marseille,30,11,7,2.0,0.2,30.1,9.4,75,1.0,2025-03-31
Toulouse,20,20,6,3.2,,19.6,8.0,87,3.8,2025-03-31
Lyon,18,18,,2.5,,26.2,9.0,87,6.6,2025-03-31
Bordeaux,32,,24,1.4,,32.1,13.0,71,4.8,2025-03-31
Lille,61,61,8,20.6,1.1,15.6,5.0,79,0.4,2025-03-31
Nice,20,20,10,17.0,1.1,5.2,12.0,62,3.6,2025-03-31
Strasbourg,25,63,15,5.1,,25.3,8.0,65,4.8,2025-03-31
Paris,61,61,19,12.3,0.6,18.9,8.3,93,5.6,2025-03-31
Rennes,20,18,5,2.9,,19.6,6.0,100,1.5,2025-03-31
Nantes,38,38,10,3.1,,20.6,7.0,93,2.0,2025-03-31
Marseille,29,10,5,2.9,0.2,29.0,8.3,77,1.0,2025-03-31
Toulouse,20,20,7,3.4,,17.6,7.5,90,2.5,2025-03-31
Lyon,20,20,,2.5,,26.2,9.0,87,5.6,2025-03-31
Bordeaux,32,,24,1.4,,32.1,13.0,71,4.8,2025-03-31
Lille,61,61,8,20.6,1.1,15.6,5.0,79,0.4,2025-03-31
Nice,27,27,15,23.4,1.1,0.7,12.0,62,6.1,2025-03-31
Strasbourg,24,63,15,7.8,,24.2,7.0,70,4.8,2025-03-31
Paris,61,61,19,12.3,0.6,18.9,8.3,93,5.6,2025-03-31
Rennes,20,15,5,3.4,,20.2,7.0,100,2.0,2025-03-31
Nantes,38,38,10,3.1,,20.6,7.0,93,2.0,2025-03-31
Marseille,28,11,6,3.5,0.3,27.7,7.7,79,2.0,2025-03-31
Toulouse,20,20,7,5.3,,15.5,7.0,87,1.0,2025-03-31
Lyon,27,27,,2.5,,26.2,9.0,87,5.1,2025-03-31
Bordeaux,32,,24,1.4,,32.1,13.0,71,4.8,2025-03-31
Lille,61,61,8,20.6,1.1,15.6,5.0,79,0.4,2025-03-31
Nice,37,37,26,23.7,1.1,1.3,14.0,54,4.6,2025-03-31
Strasbourg,22,63,13,18.1,,21.8,9.0,66,5.6,2025-03-31
Paris,53,53,26,19.9,0.6,9.1,8.1,81,3.5,2025-03-31
Rennes,30,30,12,5.5,,17.3,7.0,100,2.5,2025-03-31
Nantes,10,38,10,8.0,0.1,20.6,7.0,100,2.5,2025-03-31
Marseille,25,13,9,6.6,0.2,25.3,9.4,79,1.0,2025-03-31
Toulouse,20,20,7,10.5,,10.7,8.0,93,0.5,2025-03-31
Lyon,27,27,,3.8,,20.0,9.0,87,6.1,2025-03-31
Bordeaux,32,,24,1.4,,32.1,13.0,71,4.8,2025-03-31
Lille,61,61,8,20.6,1.1,15.6,5.0,79,0.4,2025-03-31
Nice,40,40,27,25.0,1.1,3.5,17.0,48,3.0,2025-03-31
Strasbourg,20,63,17,18.8,,19.9,10.0,61,6.1,2025-03-31
Paris,53,53,26,19.9,0.6,9.1,8.1,81,3.5,2025-03-31
Rennes,52,52,17,6.8,,17.5,8.0,100,1.5,2025-03-31
Nantes,29,29,8,7.5,,14.5,7.0,100,3.0,2025-03-31
Marseille,27,13,9,5.6,0.4,27.2,13.8,56,2.0,2025-03-31
Toulouse,20,20,8,17.6,,4.6,8.5,93,1.5,2025-03-31
Lyon,38,38,,4.7,,22.8,11.0,62,7.7,2025-03-31
Bordeaux,32,,24,1.4,,32.1,13.0,71,4.8,2025-03-31
Lille,61,61,8,20.6,1.1,15.6,5.0,79,0.4,2025-03-31
Nice,40,40,25,24.3,1.1,8.6,19.0,39,3.0,2025-03-31
Strasbourg,25,63,25,11.8,,23.9,11.0,57,5.6,2025-03-31
Paris,34,61,34,29.0,0.6,5.3,9.4,75,17.0,2025-03-31
Rennes,52,52,21,6.8,,17.5,10.0,87,2.0,2025-03-31
Nantes,36,36,12,5.2,,17.4,7.5,100,2.8,2025-03-31
Marseille,33,13,8,2.9,0.3,32.7,16.1,48,2.0,2025-03-31
Toulouse,35,35,19,5.1,,23.4,10.5,87,3.0,2025-03-31
Lyon,45,45,,4.7,,27.3,12.0,54,8.7,2025-03-31
Bordeaux,32,,24,1.4,,32.1,13.0,71,4.8,2025-03-31
Lille,61,61,8,20.6,1.1,15.6,5.0,79.0,0.4,2025-03-31
Nice,30,30,22,17.8,1.1,19.4,18.5,51.0,3.3,2025-03-31
Strasbourg,26,63,17,11.1,,25.5,11.0,53.0,5.1,2025-03-31
Paris,34,72,34,25.4,0.6,19.3,10.0,75.0,13.0,2025-03-31
Rennes,56,56,21,4.7,,20.6,13.0,76.0,2.0,2025-03-31
Nantes,47,47,15,3.9,,19.9,12.0,81.0,2.5,2025-03-31
Marseille,33,12,9,3.4,0.5,33.4,18.3,43.0,2.0,2025-03-31
Toulouse,35,35,19,6.0,,23.3,13.0,78.5,2.5,2025-03-31
Lyon,44,44,,3.1,,27.3,13.0,58.0,8.2,2025-03-31
Bordeaux,32,,24,1.4,,32.1,13.0,71.0,4.8,2025-03-31
Lille,61,61,8,20.6,1.1,15.6,5.0,79.0,0.4,2025-03-31
Nice,42,17,16,2.3,1.1,42.0,20.0,37.0,5.1,2025-03-31
Strasbourg,26,63,15,8.6,,26.1,12.0,46.0,3.0,2025-03-31
Paris,57,57,32,13.6,0.6,23.1,12.7,58.0,7.0,2025-03-31
Rennes,61,61,31,3.0,,28.7,16.0,59.0,3.0,2025-03-31
Nantes,46,46,15,1.8,,30.4,16.0,55.0,5.1,2025-03-31
Marseille,34,17,12,3.8,0.1,33.8,19.4,43.0,7.0,2025-03-31
Toulouse,31,28,11,2.2,,31.0,16.5,57.0,3.8,2025-03-31
Lyon,33,44,,2.4,,32.7,14.5,49.0,9.5,2025-03-31
Bordeaux,24,,24,1.4,,24.4,14.5,66.5,3.0,2025-03-31
Lille,61,61,8,20.6,1.1,15.6,5.0,79,0.4,2025-03-31
Nice,43,14,14,2.6,1.1,43.2,20.0,40,2.5,2025-03-31
Strasbourg,30,63,16,7.6,,29.6,13.0,43,2.5,2025-03-31
Paris,57,57,32,13.6,0.6,23.1,12.7,58,7.0,2025-03-31
Rennes,59,59,28,2.7,,31.8,17.0,51,2.5,2025-03-31
Nantes,44,44,16,1.8,,34.3,17.0,51,5.1,2025-03-31
Marseille,33,21,18,6.4,0.3,33.4,20.5,39,4.0,2025-03-31
Toulouse,18,18,7,2.2,,31.0,17.0,57,3.8,2025-03-31
Lyon,33,44,,2.4,,32.7,15.0,44,8.2,2025-03-31
Bordeaux,28,,24,1.4,,28.1,16.5,57,3.6,2025-03-31
Lille,61,61,8,20.6,1.1,15.6,5.0,79.0,0.4,2025-03-31
Nice,42,12,8,5.0,1.1,42.0,20.0,45.0,2.0,2025-03-31
Strasbourg,33,63,14,7.2,,32.9,13.0,40.0,3.0,2025-03-31
Paris,60,60,21,15.5,0.6,26.7,33.3,50.0,11.0,2025-03-31
Rennes,58,58,34,2.5,,35.0,17.0,51.0,4.1,2025-03-31
Nantes,46,46,16,2.2,,37.2,17.5,49.5,6.4,2025-03-31
Marseille,36,18,14,6.9,0.4,36.4,21.1,34.0,4.0,2025-03-31
Toulouse,34,18,7,1.8,,33.5,18.0,48.0,3.6,2025-03-31
Lyon,33,44,,2.4,,33.0,15.0,44.0,8.7,2025-03-31
Bordeaux,31,,24,1.4,,30.5,18.0,52.0,3.8,2025-03-31
Lille,61,61,8,20.6,1.1,15.6,5.0,79.0,0.4,2025-03-31
Nice,44,13,8,3.4,1.1,44.1,19.0,52.0,1.5,2025-03-31
Strasbourg,33,63,13,7.5,,32.5,13.0,40.0,2.5,2025-03-31
Paris,56,56,28,18.7,0.6,30.7,15.1,40.7,5.7,2025-03-31
Rennes,54,54,34,2.0,,37.0,18.0,45.0,3.6,2025-03-31
Nantes,41,41,15,2.5,,38.7,17.0,48.0,6.1,2025-03-31
Marseille,38,19,12,4.8,0.4,37.9,21.1,34.0,4.0,2025-03-31
Toulouse,36,18,7,2.0,,35.8,19.0,48.0,4.1,2025-03-31
Lyon,34,44,,2.4,,33.5,15.5,42.5,8.4,2025-03-31
Bordeaux,34,,24,1.4,,33.8,19.5,43.5,4.3,2025-03-31
Lille,61,61,8,20.6,1.1,15.6,5.0,79.0,0.4,2025-03-31
Nice,44,13,9,3.7,1.1,44.2,18.0,59.0,2.0,2025-03-31
Strasbourg,33,63,9,8.6,,32.8,13.0,41.5,2.3,2025-03-31
Paris,43,43,36,18.7,0.6,31.5,31.6,44.0,10.0,2025-03-31
Rennes,54,54,34,2.0,,39.2,18.0,45.0,5.1,2025-03-31
Nantes,42,42,15,1.9,,39.5,18.0,48.0,5.1,2025-03-31
Marseille,36,21,14,6.7,0.4,36.3,20.5,34.0,6.0,2025-03-31
Toulouse,37,14,7,2.2,,37.1,19.0,48.0,3.3,2025-03-31
Lyon,32,44,,2.4,,32.3,15.0,44.0,8.2,2025-03-31
Bordeaux,34,,24,1.4,,33.8,19.5,43.5,4.3,2025-03-31
Lille,61,61,8,20.6,1.1,15.6,5.0,79.0,0.4,2025-03-31
Nice,47,13,8,3.3,1.1,46.7,18.0,48.0,1.0,2025-03-31
Strasbourg,33,63,12,9.9,,32.9,12.0,43.0,2.0,2025-03-31
Paris,84,84,36,14.8,0.6,31.5,28.5,43.6,13.6,2025-03-31
Rennes,53,53,34,1.6,,37.7,18.0,45.0,4.1,2025-03-31
Nantes,40,39,15,1.8,,40.1,18.0,45.0,6.1,2025-03-31
Marseille,32,22,13,10.4,0.5,31.8,20.0,39.0,4.0,2025-03-31
Toulouse,14,14,8,2.6,,36.5,18.0,48.0,3.6,2025-03-31
Lyon,33,44,,2.4,,33.1,14.0,44.0,8.7,2025-03-31
Bordeaux,36,,24,1.4,,35.8,20.0,38.5,5.1,2025-03-31
Lille,61,61,8,20.6,1.1,15.6,5.0,79.0,0.4,2025-03-31
Nice,46,14,6,3.2,1.1,45.7,16.0,63.0,2.0,2025-03-31
Strasbourg,32,63,10,10.8,,32.1,11.0,50.0,1.0,2025-03-31
Paris,62,62,20,19.5,0.6,31.2,22.7,43.7,12.0,2025-03-31
Rennes,52,52,26,2.1,,37.7,16.0,51.0,3.6,2025-03-31
Nantes,39,39,13,2.1,,39.0,17.0,48.0,5.1,2025-03-31
Marseille,25,23,14,15.5,0.5,24.5,17.7,44.0,3.0,2025-03-31
Toulouse,35,14,8,3.2,,35.0,16.5,51.0,2.8,2025-03-31
Lyon,33,44,,2.4,,33.4,14.0,44.0,8.2,2025-03-31
Bordeaux,36,,24,1.4,,35.8,19.0,39.0,5.1,2025-03-31
Lille,61,61,8,20.6,1.1,15.6,5.0,79.0,0.4,2025-03-31
Nice,51,51,17,11.0,1.1,33.1,16.0,63.0,1.5,2025-03-31
Strasbourg,30,63,17,13.0,,29.7,10.0,53.0,0.5,2025-03-31
Paris,58,58,18,22.8,0.6,31.4,18.1,47.5,10.0,2025-03-31
Rennes,33,30,26,3.1,,32.7,15.0,51.0,3.6,2025-03-31
Nantes,37,32,11,2.8,,36.5,15.0,54.0,3.0,2025-03-31
Marseille,27,23,13,11.5,0.4,26.5,14.4,54.0,1.0,2025-03-31
Toulouse,28,14,7,7.9,,27.9,15.0,58.0,2.5,2025-03-31
Lyon,33,44,,2.4,,33.3,12.5,48.5,6.6,2025-03-31
Bordeaux,32,,24,1.4,,32.1,17.0,48.0,4.1,2025-03-31
Lille,61,61,8,20.6,1.1,15.6,5.0,79.0,0.4,2025-03-31
Nice,46,46,17,18.0,1.1,21.5,16.0,59.0,2.0,2025-03-31
Strasbourg,26,63,15,23.6,,25.6,10.0,53.0,2.5,2025-03-31
Paris,54,54,19,21.9,0.6,31.3,16.4,53.6,9.0,2025-03-31
Rennes,31,19,9,3.5,,30.9,12.0,62.0,3.0,2025-03-31
Nantes,32,25,10,3.3,,32.1,14.0,50.0,5.1,2025-03-31
Marseille,31,31,15,20.1,0.4,15.8,12.2,59.0,1.0,2025-03-31
Toulouse,18,14,7,14.5,,18.0,13.5,60.0,1.5,2025-03-31
Lyon,33,44,,2.4,,32.5,11.0,53.0,8.4,2025-03-31
Bordeaux,30,,24,1.4,,30.1,16.0,51.0,5.1,2025-03-31
Lille,61,61,8,20.6,1.1,15.6,5,79,0.4,2025-03-31
Nice,25,24,11,11.6,1.1,24.7,14,50,3.6,2025-03-31
Strasbourg,26,63,21,14.8,,25.6,9,57,2.5,2025-03-31
Paris,53,53,26,28.2,0.6,28.1,15,57,10.0,2025-03-31
Rennes,29,20,10,2.9,,29.4,11,62,3.0,2025-03-31
Nantes,30,21,7,3.1,,30.3,13,50,5.6,2025-03-31
Marseille,35,35,16,19.2,0.3,15.7,10,67,1.0,2025-03-31
Toulouse,28,28,11,14.5,,18.0,11,71,1.5,2025-03-31
Lyon,33,44,,2.4,,32.5,11,53,8.4,2025-03-31
Bordeaux,30,,24,1.4,,30.1,16,51,5.1,2025-03-31
Lille,61,61,8,20.6,1.1,15.6,5.0,79,0.4,2025-04-01
Nice,21,17,7,11.2,1.1,21.0,13.0,50,3.8,2025-04-01
Strasbourg,22,63,17,13.3,,21.5,8.0,61,2.5,2025-04-01
Paris,58,58,26,22.8,0.6,22.7,12.4,65,10.0,2025-04-01
Rennes,28,23,9,3.3,,27.8,10.0,57,5.1,2025-04-01
Nantes,30,24,8,2.8,,30.2,12.0,54,5.6,2025-04-01
Marseille,24,18,8,11.6,0.2,24.2,6.6,71,1.0,2025-04-01
Toulouse,28,28,11,11.3,,16.7,9.0,81,1.0,2025-04-01
Lyon,31,44,,1.9,,30.9,9.5,55,4.1,2025-04-01
Bordeaux,30,,24,1.4,,29.7,14.0,50,5.6,2025-04-01
Lille,61,61,8,20.6,1.1,15.6,5.0,79,0.4,2025-04-01
Nice,21,15,7,9.9,1.1,21.4,13.0,47,3.6,2025-04-01
Strasbourg,22,63,17,11.5,,21.9,8.0,61,3.6,2025-04-01
Paris,46,46,18,21.6,0.6,21.5,11.5,70,8.0,2025-04-01
Rennes,30,30,12,3.2,,27.1,9.0,66,4.6,2025-04-01
Nantes,28,28,10,2.8,,27.5,11.0,53,5.1,2025-04-01
Marseille,28,16,6,8.3,0.2,27.8,6.6,73,0.5,2025-04-01
Toulouse,38,38,13,8.8,,19.0,9.0,81,1.0,2025-04-01
Lyon,31,44,,1.9,,30.9,8.0,61,3.0,2025-04-01
Bordeaux,28,,24,1.4,,28.1,13.0,50,4.6,2025-04-01
Lille,61,61,8,20.6,1.1,15.6,5.0,79.0,0.4,2025-04-01
Nice,22,14,6,9.2,1.1,21.9,12.0,50.0,4.1,2025-04-01
Strasbourg,22,63,21,11.5,,21.9,7.0,65.5,3.0,2025-04-01
Paris,60,60,33,21.6,0.6,21.5,11.1,70.0,9.0,2025-04-01
Rennes,39,39,14,2.5,,26.8,9.0,61.0,4.6,2025-04-01
Nantes,33,33,10,2.5,,27.0,10.0,57.0,4.1,2025-04-01
Marseille,31,20,11,4.6,0.2,31.4,6.1,74.0,0.5,2025-04-01
Toulouse,43,43,13,11.4,,12.6,11.0,53.0,3.0,2025-04-01
Lyon,31,42,,1.9,,30.9,6.0,70.0,4.1,2025-04-01
Bordeaux,28,,24,1.4,,28.1,13.0,50.0,4.6,2025-04-01
Lille,61,61,8,20.6,1.1,15.6,5.0,79.0,0.4,2025-04-01
Nice,23,13,6,6.9,1.1,23.0,12.0,50.0,5.1,2025-04-01
Strasbourg,20,63,9,9.5,,20.3,5.5,67.5,2.5,2025-04-01
Paris,58,58,30,18.6,0.6,19.5,10.0,75.0,10.0,2025-04-01
Rennes,44,44,14,2.5,,26.3,8.0,65.0,3.6,2025-04-01
Nantes,36,36,11,2.4,,26.6,9.0,66.0,4.1,2025-04-01
Marseille,32,14,6,3.5,0.2,31.6,5.5,75.0,0.2,2025-04-01
Toulouse,43,43,13,9.0,,16.6,10.5,55.0,2.5,2025-04-01
Lyon,31,42,,1.9,,30.9,4.5,72.5,3.6,2025-04-01
Bordeaux,28,,24,1.4,,27.7,11.0,55.0,4.8,2025-04-01
Lille,61,61,8,20.6,1.1,15.6,5.0,79.0,0.4,2025-04-01
Nice,22,13,7,7.8,1.1,21.7,11.0,53.0,4.6,2025-04-01
Strasbourg,20,63,15,10.2,,20.3,5.0,72.5,2.5,2025-04-01
Paris,62,62,26,13.8,0.6,20.1,9.4,72.0,10.0,2025-04-01
Rennes,50,50,16,2.5,,26.3,8.0,65.0,3.0,2025-04-01
Nantes,40,40,12,2.4,,26.0,9.0,66.0,4.6,2025-04-01
Marseille,27,14,6,5.1,0.2,27.1,4.4,79.0,0.2,2025-04-01
Toulouse,32,32,10,9.0,,16.6,9.0,57.0,2.5,2025-04-01
Lyon,31,42,,1.9,,30.9,4.5,72.5,3.6,2025-04-01
Bordeaux,28,,24,1.4,,27.7,11.0,55.0,4.8,2025-04-01
Lille,61,61,8,20.6,1.1,15.6,5.0,79,0.4,2025-04-01
Nice,17,13,7,11.1,1.1,17.2,11.0,53,5.6,2025-04-01
Strasbourg,14,63,14,8.7,,20.3,5.0,75,2.0,2025-04-01
Paris,59,59,23,13.4,0.6,19.5,8.3,75,12.0,2025-04-01
Rennes,52,52,16,3.2,,24.5,6.0,75,3.6,2025-04-01
Nantes,43,43,13,2.3,,25.5,8.0,65,4.1,2025-04-01
Marseille,20,15,6,11.0,0.3,19.5,4.4,81,0.2,2025-04-01
Toulouse,20,20,8,7.5,,15.4,7.5,57,1.0,2025-04-01
Lyon,27,42,,1.9,,26.9,5.0,70,3.0,2025-04-01
Bordeaux,27,,24,1.4,,26.9,10.5,55,5.4,2025-04-01
Lille,61,61,8,20.6,1.1,15.6,5.0,79.0,0.4,2025-04-01
Nice,15,15,9,16.2,1.1,12.5,11.0,53.0,5.1,2025-04-01
Strasbourg,16,63,15,8.7,,16.3,5.0,75.0,2.5,2025-04-01
Paris,55,55,21,22.7,0.6,20.0,7.7,75.0,10.0,2025-04-01
Rennes,53,53,17,3.4,,24.5,5.0,75.0,3.0,2025-04-01
Nantes,46,46,13,3.4,,24.1,7.0,70.0,3.0,2025-04-01
Marseille,18,18,7,15.4,0.3,18.4,3.8,81.0,1.0,2025-04-01
Toulouse,20,20,8,11.4,,4.1,8.0,57.0,1.5,2025-04-01
Lyon,27,42,,1.9,,26.9,4.5,72.5,3.3,2025-04-01
Bordeaux,26,,24,1.4,,26.0,10.0,57.0,5.1,2025-04-01
Lille,61,61,8,20.6,1.1,15.6,5.0,79.0,0.4,2025-04-01
Nice,20,20,15,27.1,1.1,3.7,11.0,53.0,4.6,2025-04-01
Strasbourg,18,63,18,13.6,,16.1,6.0,70.0,3.3,2025-04-01
Paris,54,54,23,30.4,0.6,20.0,7.7,64.0,2.0,2025-04-01
Rennes,51,51,18,5.7,,21.7,5.0,80.0,2.5,2025-04-01
Nantes,46,46,13,3.4,,24.1,7.0,70.0,3.0,2025-04-01
Marseille,21,16,8,16.8,0.3,21.2,5.0,79.0,0.2,2025-04-01
Toulouse,20,20,8,14.7,,2.9,7.5,59.0,2.5,2025-04-01
Lyon,27,42,,1.9,,26.9,3.5,77.5,2.3,2025-04-01
Bordeaux,26,,24,1.4,,26.0,10.0,57.0,5.1,2025-04-01
Lille,61,61,8,20.6,1.1,15.6,5.0,79.0,0.4,2025-04-01
Nice,30,30,25,29.5,1.1,2.6,11.5,51.5,4.1,2025-04-01
Strasbourg,17,63,17,18.1,,13.8,6.5,67.5,4.8,2025-04-01
Paris,41,41,22,30.4,0.6,16.9,8.3,73.0,14.0,2025-04-01
Rennes,56,56,18,7.4,,20.0,8.0,70.0,3.6,2025-04-01
Nantes,44,44,18,6.6,,21.5,9.0,61.0,6.6,2025-04-01
Marseille,21,17,11,19.4,0.5,20.5,8.8,74.0,3.0,2025-04-01
Toulouse,20,20,8,14.7,,2.9,9.0,57.0,3.0,2025-04-01
Lyon,27,42,,1.9,,26.9,4.5,75.0,2.0,2025-04-01
Bordeaux,24,,24,1.4,,24.4,9.5,57.0,5.4,2025-04-01
Lille,61,61,8,20.6,1.1,15.6,5.0,79.0,0.4,2025-04-01
Nice,34,34,27,27.3,1.1,7.3,15.0,51.0,2.0,2025-04-01
Strasbourg,16,63,16,17.6,,14.2,8.5,63.0,5.4,2025-04-01
Paris,56,56,26,31.5,0.6,7.2,9.4,57.0,2.0,2025-04-01
Rennes,52,52,24,5.9,,21.9,11.0,57.0,5.1,2025-04-01
Nantes,40,40,18,4.5,,24.2,11.0,53.0,6.6,2025-04-01
Marseille,29,15,11,10.1,0.4,29.4,13.3,56.0,1.0,2025-04-01
Toulouse,29,29,10,14.3,,8.6,11.0,50.0,2.0,2025-04-01
Lyon,27,42,,1.9,,26.9,6.5,65.0,3.8,2025-04-01
Bordeaux,24,,24,1.4,,24.0,10.5,51.5,5.9,2025-04-01
Lille,61,61,8,20.6,1.1,15.6,5.0,79.0,0.4,2025-04-01
Nice,27,21,15,11.5,1.1,27.3,15.0,58.0,2.5,2025-04-01
Strasbourg,24,63,24,13.9,,19.0,9.5,57.0,6.4,2025-04-01
Paris,36,62,36,31.5,0.6,7.1,10.7,53.6,3.0,2025-04-01
Rennes,49,49,32,4.6,,25.5,12.0,54.0,6.6,2025-04-01
Nantes,32,32,15,3.5,,27.9,13.0,43.0,9.2,2025-04-01
Marseille,32,15,12,6.7,0.3,32.3,16.1,46.0,1.0,2025-04-01
Toulouse,21,21,12,12.0,,15.7,14.0,47.0,2.0,2025-04-01
Lyon,27,42,,1.9,,26.9,9.0,57.0,3.6,2025-04-01
Bordeaux,28,,24,1.4,,28.1,13.0,43.0,4.6,2025-04-01
Lille,61,61,8,20.6,1.1,15.6,5.0,79.0,0.4,2025-04-01
Nice,30,17,10,7.7,1.1,30.4,15.0,62.0,2.5,2025-04-01
Strasbourg,23,63,16,10.5,,23.1,10.0,53.0,8.7,2025-04-01
Paris,36,62,36,31.5,0.6,7.1,10.7,53.6,3.0,2025-04-01
Rennes,50,50,39,3.3,,28.3,13.0,47.0,8.2,2025-04-01
Nantes,32,30,21,2.6,,31.7,13.0,43.0,10.2,2025-04-01
Marseille,37,12,12,3.3,0.3,36.9,18.3,38.0,1.0,2025-04-01
Toulouse,22,21,12,7.2,,22.3,14.5,45.5,2.3,2025-04-01
Lyon,27,42,,1.9,,26.9,11.0,53.0,3.0,2025-04-01
Bordeaux,30,,24,1.4,,30.1,15.0,41.0,5.6,2025-04-01
Lille,61,61,8,20.6,1.1,15.6,5.0,79,0.4,2025-04-01
Nice,35,17,11,4.5,1.1,34.9,16.0,41,1.5,2025-04-01
Strasbourg,23,63,16,8.2,,23.1,12.0,46,8.7,2025-04-01
Paris,57,57,38,18.6,0.6,19.1,13.3,65,15.0,2025-04-01
Rennes,49,49,39,2.5,,30.8,14.0,44,8.2,2025-04-01
Nantes,33,28,17,2.2,,32.7,15.0,38,9.7,2025-04-01
Marseille,39,14,11,2.7,0.3,39.3,17.7,41,2.0,2025-04-01
Toulouse,21,21,15,7.2,,28.0,18.0,31,4.6,2025-04-01
Lyon,27,42,,1.9,,26.7,13.0,47,4.1,2025-04-01
Bordeaux,33,,24,1.4,,33.3,17.0,33,5.6,2025-04-01
Lille,61,61,8,20.6,1.1,15.6,5.0,79.0,0.4,2025-04-01
Nice,37,16,12,2.7,1.1,36.7,16.0,44.0,8.7,2025-04-01
Strasbourg,25,63,25,7.5,,25.3,11.0,50.0,9.2,2025-04-01
Paris,61,61,30,18.6,0.6,25.1,14.0,40.5,4.5,2025-04-01
Rennes,44,44,39,2.5,,31.1,15.0,44.0,7.7,2025-04-01
Nantes,36,22,15,1.6,,35.8,16.0,36.0,9.7,2025-04-01
Marseille,41,17,18,2.4,0.3,41.3,16.6,49.0,3.0,2025-04-01
Toulouse,38,21,15,1.9,,37.7,20.0,29.0,4.1,2025-04-01
Lyon,30,42,,1.9,,29.8,14.0,44.0,5.1,2025-04-01
Bordeaux,33,,24,1.4,,33.3,17.0,33.0,5.6,2025-04-01
Lille,61,61,8,20.6,1.1,15.6,5.0,79.0,0.4,2025-04-01
Nice,39,10,9,2.4,1.1,38.7,17.0,45.0,6.6,2025-04-01
Strasbourg,28,63,17,7.0,,27.5,11.0,50.0,9.0,2025-04-01
Paris,62,62,38,18.6,0.6,29.4,14.6,38.3,4.5,2025-04-01
Rennes,42,42,39,2.5,,33.5,16.0,38.0,8.2,2025-04-01
Nantes,37,19,16,1.3,,37.2,17.0,36.0,8.2,2025-04-01
Marseille,41,17,18,2.7,0.3,41.3,15.0,54.0,4.0,2025-04-01
Toulouse,39,14,13,1.8,,38.8,21.0,28.0,3.0,2025-04-01
Lyon,30,42,,1.9,,29.8,14.0,44.0,5.1,2025-04-01
Bordeaux,38,,24,1.4,,37.8,20.0,26.0,6.1,2025-04-01
Lille,61,61,8,20.6,1.1,15.6,5.0,79.0,0.4,2025-04-01
Nice,40,9,9,2.3,,40.0,16.0,41.0,4.6,2025-04-01
Strasbourg,28,63,19,7.2,,28.1,12.0,46.0,9.5,2025-04-01
Paris,55,55,38,14.6,0.6,33.2,36.3,38.5,20.0,2025-04-01
Rennes,37,37,39,2.2,,35.0,17.0,33.0,7.2,2025-04-01
Nantes,38,21,15,1.7,,37.8,17.0,36.0,9.7,2025-04-01
Marseille,39,13,11,3.9,0.3,39.0,13.3,63.0,6.0,2025-04-01
Toulouse,40,14,13,2.1,,39.6,21.0,27.0,3.8,2025-04-01
Lyon,33,42,,1.9,,33.1,15.5,39.5,5.4,2025-04-01
Bordeaux,39,,24,1.4,,39.0,22.0,22.5,5.4,2025-04-01
Lille,61,61,8,20.6,1.1,15.6,5.0,79.0,0.4,2025-04-01
Nice,40,8,6,2.8,1.1,40.3,16.0,41.0,3.0,2025-04-01
Strasbourg,29,63,18,7.7,,28.8,12.5,43.0,9.5,2025-04-01
Paris,55,55,25,15.8,0.6,33.2,32.2,37.0,22.0,2025-04-01
Rennes,47,47,39,1.6,,35.8,17.0,36.0,8.2,2025-04-01
Nantes,39,19,16,1.6,,39.1,17.0,33.0,10.2,2025-04-01
Marseille,39,11,11,4.1,0.2,39.0,12.2,67.5,1.5,2025-04-01
Toulouse,40,11,7,2.3,,39.6,20.5,30.0,4.6,2025-04-01
Lyon,33,42,,1.9,,33.1,15.5,39.5,5.4,2025-04-01
Bordeaux,39,,24,1.4,,39.0,22.0,22.5,5.4,2025-04-01
Lille,61,61,8,20.6,1.1,15.6,5.0,79.0,0.4,2025-04-01
Nice,39,7,6,3.0,1.1,38.7,16.0,41.0,0.5,2025-04-01
Strasbourg,31,63,15,7.0,,31.2,13.0,43.0,7.9,2025-04-01
Paris,54,54,26,15.6,0.6,33.6,29.4,36.0,22.0,2025-04-01
Rennes,51,51,39,1.9,,37.5,17.0,36.0,8.7,2025-04-01
Nantes,40,18,12,1.6,,40.2,17.0,33.0,10.8,2025-04-01
Marseille,38,10,8,4.5,0.2,37.9,12.2,59.0,3.0,2025-04-01
Toulouse,14,14,9,2.3,,39.6,20.0,37.0,5.1,2025-04-01
Lyon,33,42,,1.9,,33.1,13.5,43.5,6.1,2025-04-01
Bordeaux,42,,24,1.4,,41.9,23.0,20.0,7.2,2025-04-01
Lille,61,61,8,20.6,1.1,15.6,5.0,79.0,0.4,2025-04-01
Nice,39,10,11,2.3,1.1,39.2,16.0,41.0,0.2,2025-04-01
Strasbourg,32,63,18,6.9,,32.0,13.0,43.0,7.2,2025-04-01
Paris,61,61,25,15.2,0.6,35.3,26.6,37.0,25.3,2025-04-01
Rennes,48,48,39,1.9,,37.5,17.0,36.0,7.2,2025-04-01
Nantes,41,23,12,1.9,,40.6,16.0,37.0,9.5,2025-04-01
Marseille,37,10,7,5.4,0.2,36.6,11.6,47.0,3.0,2025-04-01
Toulouse,40,14,9,2.6,,40.0,18.0,39.0,8.2,2025-04-01
Lyon,33,42,,1.9,,33.1,13.5,43.5,6.1,2025-04-01
Bordeaux,42,,24,1.4,,41.9,23.0,20.0,7.2,2025-04-01
Lille,61,61,8,20.6,1.1,15.6,5.0,79,0.4,2025-04-01
Nice,38,12,8,3.2,1.1,38.2,15.0,47,0.2,2025-04-01
Strasbourg,33,63,18,7.8,,33.4,13.0,43,4.8,2025-04-01
Paris,67,67,26,14.5,0.6,36.6,21.4,40,24.6,2025-04-01
Rennes,50,50,39,2.7,,37.6,15.0,41,7.7,2025-04-01
Nantes,40,26,13,2.4,,40.3,15.0,38,8.7,2025-04-01
Marseille,35,13,7,6.2,0.2,34.5,11.6,48,1.0,2025-04-01
Toulouse,21,21,15,3.3,,40.3,15.0,54,9.2,2025-04-01
Lyon,33,42,,1.9,,33.1,13.0,47,4.6,2025-04-01
Bordeaux,42,,24,1.4,,41.9,23.0,20,7.2,2025-04-01
Lille,61,61,8,20.6,1.1,15.6,5.0,79.0,0.4,2025-04-01
Nice,32,17,9,6.9,1.1,31.8,14.0,56.0,5.6,2025-04-01
Strasbourg,32,63,16,7.0,,32.2,11.0,50.0,6.1,2025-04-01
Paris,37,100,24,12.7,0.6,36.6,11.6,43.6,2.6,2025-04-01
Rennes,37,37,22,2.8,,35.3,13.0,43.0,6.6,2025-04-01
Nantes,37,34,14,2.6,,37.1,13.5,44.0,8.2,2025-04-01
Marseille,32,17,7,6.2,0.2,31.6,10.0,55.0,1.0,2025-04-01
Toulouse,18,18,9,2.9,,42.2,13.0,71.0,8.7,2025-04-01
Lyon,25,25,,5.4,,33.1,10.0,53.0,1.5,2025-04-01
Bordeaux,42,,24,1.4,,41.9,23.0,20.0,7.2,2025-04-01
Lille,61,61,8,20.6,1.1,15.6,5.0,79.0,0.4,2025-04-01
Nice,25,20,9,12.0,,24.5,12.0,58.0,4.1,2025-04-01
Strasbourg,32,63,16,7.6,,32.2,10.0,49.0,5.1,2025-04-01
Paris,35,35,16,16.2,0.6,28.2,15.5,47.8,20.0,2025-04-01
Rennes,36,36,17,2.8,,33.8,12.0,43.0,7.2,2025-04-01
Nantes,36,31,14,2.3,,35.8,12.0,40.0,9.7,2025-04-01
Marseille,32,16,7,4.8,0.2,32.1,9.4,60.0,1.0,2025-04-01
Toulouse,39,18,9,1.8,,38.6,12.0,76.0,9.5,2025-04-01
Lyon,25,25,,10.4,,33.1,11.0,57.0,3.6,2025-04-01
Bordeaux,42,,24,1.4,,41.9,23.0,20.0,7.2,2025-04-01
Lille,61,61,8,20.6,1.1,15.6,5.0,79.0,0.4,2025-04-02
Nice,25,18,8,8.9,1.1,24.7,11.0,62.0,4.6,2025-04-02
Strasbourg,32,63,14,8.6,,31.5,9.5,51.0,5.1,2025-04-02
Paris,32,32,14,14.4,0.6,26.1,13.3,50.6,17.3,2025-04-02
Rennes,34,30,19,2.5,,33.6,11.0,43.0,5.6,2025-04-02
Nantes,36,17,12,1.8,,35.8,10.0,46.0,7.2,2025-04-02
Marseille,29,18,7,6.1,0.2,28.8,8.8,63.0,0.5,2025-04-02
Toulouse,39,20,8,1.6,,39.2,12.0,73.5,7.2,2025-04-02
Lyon,25,25,,10.8,,33.1,11.0,57.0,3.8,2025-04-02
Bordeaux,42,,24,1.4,,41.9,23.0,20.0,7.2,2025-04-02
Lille,61,61,8,20.6,1.1,15.6,5.0,79,0.4,2025-04-02
Nice,24,16,7,8.1,1.1,24.0,11.0,62,5.1,2025-04-02
Strasbourg,31,63,12,8.8,,31.4,8.5,57,6.1,2025-04-02
Paris,32,32,14,16.2,0.6,26.1,11.6,53,18.0,2025-04-02
Rennes,32,18,11,2.2,,31.8,10.0,49,6.1,2025-04-02
Nantes,33,16,8,1.6,,33.3,10.0,49,6.1,2025-04-02
Marseille,28,19,7,4.8,0.2,28.3,7.7,65,0.5,2025-04-02
Toulouse,41,20,9,1.3,,40.6,12.0,71,6.9,2025-04-02
Lyon,25,25,,10.8,,33.1,8.0,75,3.0,2025-04-02
Bordeaux,42,,24,1.4,,41.9,23.0,20,7.2,2025-04-02
Lille,61,61,8,20.6,1.1,15.6,5.0,79.0,0.4,2025-04-02
Nice,28,12,6,5.9,1.1,27.8,12.0,54.0,5.1,2025-04-02
Strasbourg,31,63,16,5.8,,31.4,8.5,59.0,6.6,2025-04-02
Paris,58,58,10,7.5,0.6,26.5,10.9,56.0,16.5,2025-04-02
Rennes,31,20,10,1.9,,30.6,9.0,53.0,5.6,2025-04-02
Nantes,32,19,8,1.7,,32.2,9.0,53.0,5.6,2025-04-02
Marseille,25,25,10,5.3,0.2,24.6,6.6,71.0,0.5,2025-04-02
Toulouse,41,18,7,1.0,,40.5,12.0,68.5,9.2,2025-04-02
Lyon,15,15,,10.8,,33.1,8.0,75.0,3.0,2025-04-02
Bordeaux,42,,24,1.4,,41.9,23.0,20.0,7.2,2025-04-02
Lille,61,61,8,20.6,1.1,15.6,5.0,79.0,0.4,2025-04-02
Nice,27,11,5,5.3,1.1,27.3,12.0,54.0,5.1,2025-04-02
Strasbourg,28,63,15,4.4,,27.9,8.0,61.0,5.4,2025-04-02
Paris,43,43,12,12.3,0.6,26.5,9.4,57.0,17.0,2025-04-02
Rennes,30,21,9,2.0,,29.6,9.0,53.0,5.1,2025-04-02
Nantes,31,21,8,1.6,,30.8,9.0,53.0,6.1,2025-04-02
Marseille,27,22,9,4.1,0.1,26.5,6.6,72.0,1.0,2025-04-02
Toulouse,41,18,7,1.0,,40.5,12.0,68.5,9.2,2025-04-02
Lyon,29,9,,10.8,,28.8,7.0,81.0,3.6,2025-04-02
Bordeaux,42,,24,1.4,,41.9,23.0,20.0,7.2,2025-04-02
Lille,61,61,8,20.6,1.1,15.6,5.0,79,0.4,2025-04-02
Nice,30,11,7,3.9,1.1,29.6,11.0,62,6.1,2025-04-02
Strasbourg,26,63,12,4.4,,25.7,7.0,65,6.1,2025-04-02
Paris,58,58,10,7.5,0.6,26.5,10.0,59,21.0,2025-04-02
Rennes,28,22,9,2.0,,28.1,8.0,57,6.1,2025-04-02
Nantes,29,23,9,2.1,,28.6,8.0,61,5.6,2025-04-02
Marseille,28,19,8,2.9,0.1,27.7,6.1,76,0.2,2025-04-02
Toulouse,16,16,9,1.0,,40.0,13.0,43,8.7,2025-04-02
Lyon,29,9,,4.3,,28.8,7.0,78,3.3,2025-04-02
Bordeaux,42,,24,1.4,,41.9,23.0,20,7.2,2025-04-02
Lille,61,61,8,20.6,1.1,15.6,5.0,79.0,0.4,2025-04-02
Nice,33,9,5,2.7,1.1,32.8,11.0,66.5,6.1,2025-04-02
Strasbourg,26,63,15,4.3,,25.7,6.0,70.0,4.6,2025-04-02
Paris,26,58,9,6.2,0.6,26.4,9.4,60.0,17.0,2025-04-02
Rennes,27,25,9,2.4,,26.8,8.0,57.0,6.6,2025-04-02
Nantes,27,24,9,2.1,,27.3,8.0,61.0,5.1,2025-04-02
Marseille,31,19,8,2.8,0.2,30.6,5.5,81.0,1.0,2025-04-02
Toulouse,16,16,9,1.0,,40.0,13.0,43.0,8.7,2025-04-02
Lyon,23,17,,4.2,,22.8,4.0,86.0,0.5,2025-04-02
Bordeaux,42,,24,1.4,,41.9,23.0,20.0,7.2,2025-04-02
Lille,61,61,8,20.6,1.1,15.6,5.0,79,0.4,2025-04-02
Nice,33,7,3,2.9,1.1,32.5,11.0,71,4.6,2025-04-02
Strasbourg,12,63,12,4.5,,25.7,6.0,70,5.1,2025-04-02
Paris,26,23,14,6.9,0.6,26.0,8.8,61,17.0,2025-04-02
Rennes,26,25,9,2.3,,26.2,8.0,57,7.2,2025-04-02
Nantes,26,25,8,2.5,,26.0,7.5,63,5.4,2025-04-02
Marseille,29,18,8,3.6,0.1,28.5,6.6,81,1.0,2025-04-02
Toulouse,9,9,8,1.3,,39.2,12.0,50,11.0,2025-04-02
Lyon,23,17,,7.7,,22.8,4.0,93,1.0,2025-04-02
Bordeaux,42,,24,1.4,,41.9,23.0,20,7.2,2025-04-02
Lille,61,61,8,20.6,1.1,15.6,5.0,79.0,0.4,2025-04-02
Nice,28,8,3,6.7,1.1,27.5,11.0,66.0,7.2,2025-04-02
Strasbourg,24,63,12,6.4,,23.8,6.0,70.0,5.6,2025-04-02
Paris,25,23,12,9.8,0.6,25.2,8.3,62.6,17.0,2025-04-02
Rennes,25,25,9,2.9,,24.8,7.0,61.0,6.6,2025-04-02
Nantes,25,25,8,2.8,,25.3,7.0,65.0,5.9,2025-04-02
Marseille,25,17,7,8.1,0.1,24.9,6.6,79.0,3.0,2025-04-02
Toulouse,38,9,8,1.9,,38.4,12.0,54.0,11.3,2025-04-02
Lyon,19,19,,7.7,,19.1,4.0,93.0,0.5,2025-04-02
Bordeaux,42,,24,1.4,,41.9,23.0,20.0,7.2,2025-04-02
Lille,61,61,8,20.6,1.1,15.6,5.0,79.0,0.4,2025-04-02
Nice,20,10,7,12.6,1.1,20.2,11.0,66.0,6.1,2025-04-02
Strasbourg,23,63,12,9.4,,23.3,6.5,70.0,6.9,2025-04-02
Paris,28,28,9,16.2,0.6,22.5,8.3,65.0,16.0,2025-04-02
Rennes,25,25,9,3.5,,24.0,7.0,65.0,5.6,2025-04-02
Nantes,25,25,8,2.8,,25.3,7.0,65.0,5.9,2025-04-02
Marseille,24,19,9,10.0,0.1,23.6,7.7,72.0,4.0,2025-04-02
Toulouse,36,10,9,3.4,,36.1,11.5,64.5,11.0,2025-04-02
Lyon,19,19,,22.1,,15.1,6.0,87.0,1.0,2025-04-02
Bordeaux,42,,24,1.4,,41.9,23.0,20.0,7.2,2025-04-02
Lille,61,61,8,20.6,1.1,15.6,5.0,79.0,0.4,2025-04-02
Nice,15,15,13,21.1,1.1,13.6,12.0,62.0,5.1,2025-04-02
Strasbourg,23,63,14,13.3,,22.5,7.5,70.0,6.6,2025-04-02
Paris,33,33,12,24.0,0.6,19.3,8.8,62.0,21.0,2025-04-02
Rennes,35,35,15,4.8,,21.8,8.0,65.0,5.1,2025-04-02
Nantes,29,29,11,5.9,,21.6,8.0,65.0,7.7,2025-04-02
Marseille,24,20,12,12.2,0.2,23.8,9.4,68.0,2.0,2025-04-02
Toulouse,34,10,5,4.4,,34.4,11.5,66.5,11.0,2025-04-02
Lyon,37,37,,18.1,,15.1,7.5,78.0,2.0,2025-04-02
Bordeaux,42,,24,1.4,,41.9,23.0,20.0,7.2,2025-04-02
Lille,61,61,8,20.6,1.1,15.6,5.0,79,0.4,2025-04-02
Nice,30,10,7,5.7,1.1,29.6,13.0,58,3.0,2025-04-02
Strasbourg,21,63,14,14.2,,20.8,11.0,62,6.6,2025-04-02
Paris,31,31,17,29.8,0.6,16.5,9.7,60,18.5,2025-04-02
Rennes,41,41,15,5.6,,21.8,10.0,57,7.2,2025-04-02
Nantes,32,32,12,4.2,,23.1,9.0,61,8.2,2025-04-02
Marseille,31,19,12,4.8,0.2,31.4,13.3,58,6.0,2025-04-02
Toulouse,36,11,7,3.2,,35.5,12.5,62,12.6,2025-04-02
Lyon,37,37,,18.1,,15.1,8.0,75,0.5,2025-04-02
Bordeaux,42,,24,1.4,,41.9,23.0,20,7.2,2025-04-02
Lille,61,61,8,20.6,1.1,15.6,5.0,79.0,0.4,2025-04-02
Nice,31,14,10,5.4,1.1,30.9,15.0,54.0,5.1,2025-04-02
Strasbourg,24,63,24,10.8,,23.0,12.0,58.0,6.6,2025-04-02
Paris,38,38,22,24.9,0.6,17.9,10.9,57.0,17.0,2025-04-02
Rennes,42,42,25,3.1,,24.5,12.0,54.0,7.7,2025-04-02
Nantes,35,35,15,4.2,,25.2,11.5,55.5,9.0,2025-04-02
Marseille,34,24,19,3.2,0.2,33.5,14.4,55.0,5.0,2025-04-02
Toulouse,36,11,7,2.5,,35.9,15.0,56.0,11.0,2025-04-02
Lyon,37,37,,12.7,,15.1,11.0,62.0,1.0,2025-04-02
Bordeaux,42,,24,1.4,,41.9,23.0,20.0,7.2,2025-04-02
Lille,61,61,8,20.6,1.1,15.6,5.0,79.0,0.4,2025-04-02
Nice,35,13,7,3.3,1.1,34.5,17.0,59.0,3.6,2025-04-02
Strasbourg,28,63,21,8.7,,28.2,15.5,49.5,6.1,2025-04-02
Paris,49,49,27,17.2,0.6,22.8,13.7,57.0,17.0,2025-04-02
Rennes,58,58,22,2.9,,26.5,14.0,50.0,6.6,2025-04-02
Nantes,33,33,13,2.2,,30.2,14.0,50.0,9.2,2025-04-02
Marseille,37,26,18,2.6,0.2,36.7,16.1,53.0,7.0,2025-04-02
Toulouse,36,14,9,2.0,,36.4,16.0,51.0,11.8,2025-04-02
Lyon,46,46,,9.9,,15.1,12.0,54.0,0.5,2025-04-02
Bordeaux,42,,24,1.4,,41.9,23.0,20.0,7.2,2025-04-02
Lille,61,61,8,20.6,1.1,15.6,5.0,79.0,0.4,2025-04-02
Nice,34,14,9,3.6,1.1,34.3,17.0,59.0,3.6,2025-04-02
Strasbourg,32,63,30,5.6,,32.3,19.0,35.5,5.1,2025-04-02
Paris,52,52,26,17.2,0.6,25.5,22.5,48.5,15.0,2025-04-02
Rennes,53,53,22,2.9,,29.0,15.0,47.0,7.7,2025-04-02
Nantes,33,30,12,1.9,,33.4,16.0,44.0,9.2,2025-04-02
Marseille,37,23,13,2.6,0.2,36.9,17.2,50.0,5.0,2025-04-02
Toulouse,37,18,10,1.9,,36.5,17.0,51.0,11.0,2025-04-02
Lyon,46,46,,9.9,,15.1,12.0,54.0,0.5,2025-04-02
Bordeaux,42,,24,1.4,,41.9,23.0,20.0,7.2,2025-04-02
Lille,61,61,8,20.6,1.1,15.6,5.0,79.0,0.4,2025-04-02
Nice,36,15,12,3.7,1.1,35.9,17.0,59.0,6.6,2025-04-02
Strasbourg,32,63,30,5.6,,32.3,19.0,35.5,5.1,2025-04-02
Paris,52,52,26,17.2,0.6,25.5,22.5,48.5,15.0,2025-04-02
Rennes,56,56,22,2.5,,32.5,16.0,44.0,7.2,2025-04-02
Nantes,36,24,12,2.0,,35.6,17.0,42.0,8.7,2025-04-02
Marseille,39,27,21,2.4,0.3,38.5,17.2,48.0,2.0,2025-04-02
Toulouse,37,18,10,2.0,,36.6,18.0,48.0,12.8,2025-04-02
Lyon,46,46,,11.6,,15.1,14.5,48.5,1.2,2025-04-02
Bordeaux,42,,24,1.4,,41.9,23.0,20.0,7.2,2025-04-02
Lille,61,61,8,20.6,1.1,15.6,5.0,79.0,0.4,2025-04-02
Nice,37,15,12,3.5,1.1,36.6,17.0,63.0,6.6,2025-04-02
Strasbourg,39,63,19,7.0,,39.3,20.0,32.0,7.2,2025-04-02
Paris,28,45,16,16.8,0.6,28.4,37.7,41.0,16.0,2025-04-02
Rennes,51,51,22,1.9,,35.1,17.0,42.0,8.2,2025-04-02
Nantes,38,21,14,1.7,,38.1,16.0,41.0,9.2,2025-04-02
Marseille,38,26,19,3.2,0.3,38.1,16.6,50.0,2.0,2025-04-02
Toulouse,38,23,13,2.2,,37.6,17.0,51.0,12.8,2025-04-02
Lyon,46,46,,11.6,,15.1,14.5,48.5,1.2,2025-04-02
Bordeaux,42,,24,1.4,,41.9,23.0,20.0,7.2,2025-04-02
Lille,61,61,8,20.6,1.1,15.6,5.0,79.0,0.4,2025-04-02
Nice,38,17,14,2.8,1.1,37.9,17.0,63.0,6.6,2025-04-02
Strasbourg,39,63,18,7.0,,39.3,20.0,33.0,6.9,2025-04-02
Paris,45,45,28,18.2,0.6,30.5,39.4,41.0,16.0,2025-04-02
Rennes,49,49,22,1.8,,37.4,17.0,36.0,8.7,2025-04-02
Nantes,38,17,14,3.0,,38.1,15.5,44.0,9.0,2025-04-02
Marseille,38,25,16,3.2,0.3,38.4,16.1,52.0,5.0,2025-04-02
Toulouse,39,23,13,2.2,,38.8,17.0,51.0,13.3,2025-04-02
Lyon,46,46,,11.6,,15.1,14.5,48.5,1.2,2025-04-02
Bordeaux,42,,24,1.4,,41.9,23.0,20.0,7.2,2025-04-02
Lille,61,61,8,20.6,1.1,15.6,5.0,79.0,0.4,2025-04-02
Nice,38,21,13,3.4,1.1,37.5,17.0,59.0,5.6,2025-04-02
Strasbourg,41,63,19,6.6,,40.8,20.0,34.0,6.9,2025-04-02
Paris,57,57,28,18.2,0.6,33.2,37.7,39.0,13.0,2025-04-02
Rennes,54,54,22,2.1,,37.9,17.0,39.0,8.2,2025-04-02
Nantes,36,13,10,2.9,,35.9,14.5,52.5,5.9,2025-04-02
Marseille,40,25,17,3.0,0.3,39.6,15.5,55.0,5.0,2025-04-02
Toulouse,39,23,13,1.9,,39.3,16.5,51.5,12.8,2025-04-02
Lyon,37,37,,11.6,,15.1,15.0,42.5,1.0,2025-04-02
Bordeaux,42,,24,1.4,,41.9,23.0,20.0,7.2,2025-04-02
Lille,61,61,8,20.6,1.1,15.6,5.0,79,0.4,2025-04-02
Nice,38,21,16,3.6,1.1,37.8,17.0,61,4.6,2025-04-02
Strasbourg,42,63,18,8.0,,42.0,19.0,37,5.1,2025-04-02
Paris,55,55,26,20.6,0.6,34.2,33.8,40,13.0,2025-04-02
Rennes,53,53,22,2.2,,37.9,16.0,44,7.2,2025-04-02
Nantes,36,14,8,3.0,,35.9,15.0,51,7.2,2025-04-02
Marseille,38,23,11,3.8,0.3,38.3,14.4,59,3.0,2025-04-02
Toulouse,39,16,11,1.9,,38.7,15.0,58,12.8,2025-04-02
Lyon,38,38,,11.6,,15.1,16.0,44,0.5,2025-04-02
Bordeaux,42,,24,1.4,,41.9,23.0,20,7.2,2025-04-02
Lille,61,61,8,20.6,1.1,15.6,5.0,79.0,0.4,2025-04-02
Nice,38,19,10,3.8,1.1,37.5,16.0,67.0,5.4,2025-04-02
Strasbourg,43,63,23,8.4,,42.7,17.5,40.5,5.6,2025-04-02
Paris,54,54,16,21.7,0.6,35.7,27.2,43.6,13.0,2025-04-02
Rennes,48,48,22,2.7,,36.4,15.0,47.0,5.6,2025-04-02
Nantes,36,11,7,2.4,,35.6,11.0,81.0,8.7,2025-04-02
Marseille,39,22,9,3.9,0.3,38.8,13.8,61.0,1.0,2025-04-02
Toulouse,38,16,11,2.1,,37.5,14.0,62.0,12.0,2025-04-02
Lyon,35,35,,14.2,,15.1,14.0,58.0,2.5,2025-04-02
Bordeaux,42,,24,1.4,,41.9,23.0,20.0,7.2,2025-04-02
Lille,61,61,8,20.6,1.1,15.6,5.0,79.0,0.4,2025-04-02
Nice,34,20,8,5.5,1.1,33.9,15.0,67.0,3.0,2025-04-02
Strasbourg,43,63,17,11.6,,42.7,16.0,42.5,4.3,2025-04-02
Paris,57,57,17,25.2,0.6,36.3,23.3,46.0,9.0,2025-04-02
Rennes,42,42,22,3.0,,34.9,15.0,44.0,6.6,2025-04-02
Nantes,33,12,4,2.5,,32.5,11.0,81.0,7.2,2025-04-02
Marseille,38,24,10,3.7,0.2,38.2,12.7,65.0,1.0,2025-04-02
Toulouse,38,18,9,2.0,,37.7,13.5,62.0,11.5,2025-04-02
Lyon,32,32,,12.7,,15.1,14.0,54.0,2.5,2025-04-02
Bordeaux,42,,24,1.4,,41.9,23.0,20.0,7.2,2025-04-02
Lille,61,61,8,20.6,1.1,15.6,5.0,79.0,0.4,2025-04-02
Nice,29,29,10,15.4,1.1,20.2,15.0,58.0,1.5,2025-04-02
Strasbourg,39,63,25,11.5,,39.4,14.0,47.0,3.0,2025-04-02
Paris,59,59,25,25.2,0.6,36.1,21.1,49.5,8.0,2025-04-02
Rennes,43,43,22,2.9,,33.6,13.0,62.0,4.1,2025-04-02
Nantes,32,12,4,1.9,,32.0,11.0,81.0,6.1,2025-04-02
Marseille,36,25,8,4.2,0.2,36.4,11.6,68.0,2.0,2025-04-02
Toulouse,38,18,10,2.0,,37.7,13.0,58.0,11.3,2025-04-02
Lyon,32,32,,8.4,,15.1,12.0,66.0,3.0,2025-04-02
Bordeaux,42,,24,1.4,,41.9,23.0,20.0,7.2,2025-04-02
Lille,61,61,8,20.6,1.1,15.6,5.0,79.0,0.4,2025-04-02
Nice,43,43,13,14.5,1.1,17.2,14.0,62.0,3.0,2025-04-02
Strasbourg,37,63,18,11.5,,37.0,14.0,47.0,5.1,2025-04-02
Paris,57,57,24,34.1,0.6,32.3,19.4,50.3,10.0,2025-04-02
Rennes,34,34,22,3.3,,31.3,12.0,71.0,3.6,2025-04-02
Nantes,31,12,4,2.3,,30.5,11.0,76.0,7.2,2025-04-02
Marseille,36,27,10,4.3,0.2,35.5,11.1,70.0,1.2,2025-04-02
Toulouse,15,15,7,1.7,,39.6,13.0,58.0,11.8,2025-04-02
Lyon,29,29,,9.0,,15.1,11.0,71.0,3.6,2025-04-02
Bordeaux,42,,24,1.4,,41.9,23.0,20.0,7.2,2025-04-02
Lille,61,61,8,20.6,1.1,15.6,5.0,79.0,0.4,2025-04-03
Nice,33,33,10,10.3,1.1,19.2,14.0,60.0,3.3,2025-04-03
Strasbourg,34,63,17,11.1,,34.4,12.0,54.0,3.0,2025-04-03
Paris,57,57,24,34.1,0.6,32.3,19.4,50.3,10.0,2025-04-03
Rennes,34,34,22,2.4,,31.3,12.0,71.0,4.6,2025-04-03
Nantes,31,11,4,2.4,,30.6,11.0,76.0,5.6,2025-04-03
Marseille,35,26,9,3.8,0.2,35.1,9.4,76.0,0.2,2025-04-03
Toulouse,41,15,7,1.6,,41.3,13.0,60.0,9.7,2025-04-03
Lyon,35,35,,9.0,,15.1,11.0,76.0,3.6,2025-04-03
Bordeaux,42,,24,1.4,,41.9,23.0,20.0,7.2,2025-04-03
Lille,61,61,8,20.6,1.1,15.6,5.0,79.0,0.4,2025-04-03
Nice,27,27,9,8.7,1.1,18.5,14.0,58.0,3.0,2025-04-03
Strasbourg,34,63,15,9.1,,34.4,11.0,57.5,2.5,2025-04-03
Paris,61,61,31,27.7,0.6,28.5,16.6,59.0,9.0,2025-04-03
Rennes,30,18,12,2.1,,30.2,12.0,66.0,5.1,2025-04-03
Nantes,30,12,4,1.9,,29.5,11.0,81.0,3.0,2025-04-03
Marseille,36,24,9,3.1,0.1,35.8,9.4,77.0,0.7,2025-04-03
Toulouse,13,13,6,1.5,,40.9,13.0,58.0,10.8,2025-04-03
Lyon,36,36,,9.0,,15.1,11.0,76.0,3.0,2025-04-03
Bordeaux,42,,24,1.4,,41.9,23.0,20.0,7.2,2025-04-03
Lille,61,61,8,20.6,1.1,15.6,5.0,79,0.4,2025-04-03
Nice,24,24,8,8.7,1.1,17.0,14.0,58,3.6,2025-04-03
Strasbourg,25,63,20,19.6,,24.8,8.5,68,1.8,2025-04-03
Paris,61,61,31,27.7,0.6,28.5,16.6,59,9.0,2025-04-03
Rennes,30,14,7,2.2,,29.5,12.0,66,3.6,2025-04-03
Nantes,28,12,4,2.1,,28.3,10.0,87,2.5,2025-04-03
Marseille,37,23,8,2.0,0.1,36.6,8.8,78,0.7,2025-04-03
Toulouse,40,13,6,1.2,,40.2,13.0,60,10.8,2025-04-03
Lyon,36,36,,7.6,,15.1,11.0,76,3.0,2025-04-03
Bordeaux,42,,24,1.4,,41.9,23.0,20,7.2,2025-04-03
Lille,61,61,8,20.6,1.1,15.6,5.0,79,0.4,2025-04-03
Nice,23,23,7,8.5,1.1,15.9,13.0,58,4.1,2025-04-03
Strasbourg,25,63,18,18.8,,25.3,8.5,70,2.3,2025-04-03
Paris,52,52,19,27.7,0.6,22.0,14.8,69,8.0,2025-04-03
Rennes,29,15,6,2.4,,28.6,12.0,66,4.1,2025-04-03
Nantes,25,13,4,2.4,,25.3,10.0,87,2.3,2025-04-03
Marseille,35,26,10,2.4,0.2,34.6,9.4,80,0.2,2025-04-03
Toulouse,39,16,7,1.1,,39.1,13.0,66,9.2,2025-04-03
Lyon,36,36,,7.6,,15.1,11.0,76,4.1,2025-04-03
Bordeaux,42,,24,1.4,,41.9,23.0,20,7.2,2025-04-03
Lille,61,61,8,20.6,1.1,15.6,5.0,79.0,0.4,2025-04-03
Nice,20,20,7,6.6,1.1,18.9,13.0,58.0,4.1,2025-04-03
Strasbourg,26,63,18,6.7,,26.0,7.5,75.0,2.5,2025-04-03
Paris,64,64,31,25.1,0.6,17.9,13.8,68.5,8.0,2025-04-03
Rennes,28,16,8,3.2,,27.7,12.0,66.0,4.1,2025-04-03
Nantes,24,15,5,2.0,,24.0,10.0,81.0,4.8,2025-04-03
Marseille,35,23,9,2.2,0.3,34.7,10.5,74.0,1.0,2025-04-03
Toulouse,39,16,7,1.1,,39.1,13.0,66.0,9.2,2025-04-03
Lyon,35,35,,7.6,,15.1,10.0,81.0,3.0,2025-04-03
Bordeaux,42,,24,1.4,,41.9,23.0,20.0,7.2,2025-04-03
Lille,61,61,8,20.6,1.1,15.6,5.0,79.0,0.4,2025-04-03
Nice,19,18,7,6.3,1.1,19.1,12.0,62.0,4.6,2025-04-03
Strasbourg,24,63,17,6.2,,23.9,7.0,75.0,2.0,2025-04-03
Paris,55,55,21,25.6,0.6,19.4,13.3,70.3,9.0,2025-04-03
Rennes,29,15,5,2.2,,28.6,11.0,71.0,4.6,2025-04-03
Nantes,24,17,5,1.6,,24.1,10.0,76.0,5.1,2025-04-03
Marseille,33,21,8,2.7,0.3,33.2,11.1,72.0,1.0,2025-04-03
Toulouse,38,15,6,1.1,,38.2,13.0,66.0,8.2,2025-04-03
Lyon,35,35,,7.6,,15.1,11.0,71.0,4.1,2025-04-03
Bordeaux,42,,24,1.4,,41.9,23.0,20.0,7.2,2025-04-03
Lille,61,61,8,20.6,1.1,15.6,5.0,79.0,0.4,2025-04-03
Nice,19,18,7,8.0,1.1,19.3,12.0,62.0,5.1,2025-04-03
Strasbourg,23,63,15,6.7,,23.1,6.0,81.0,2.0,2025-04-03
Paris,53,53,24,21.8,0.6,15.5,12.7,72.0,9.0,2025-04-03
Rennes,28,18,7,2.6,,28.3,10.0,76.0,4.1,2025-04-03
Nantes,24,17,6,2.1,,23.6,10.0,76.0,5.1,2025-04-03
Marseille,31,21,7,3.1,0.2,30.8,11.6,72.0,1.2,2025-04-03
Toulouse,37,15,5,1.4,,37.4,13.0,66.0,8.7,2025-04-03
Lyon,33,33,,7.6,,15.1,10.5,73.5,3.3,2025-04-03
Bordeaux,42,,24,1.4,,41.9,23.0,20.0,7.2,2025-04-03
Lille,61,61,8,20.6,1.1,15.6,5.0,79,0.4,2025-04-03
Nice,18,18,8,13.2,1.1,15.4,12.0,62,5.1,2025-04-03
Strasbourg,23,63,20,10.3,,23.1,5.0,86,2.0,2025-04-03
Paris,60,60,21,23.4,0.6,18.1,12.5,69,9.0,2025-04-03
Rennes,28,18,7,4.1,,28.3,10.0,76,3.6,2025-04-03
Nantes,23,17,6,4.1,,22.8,10.0,76,5.1,2025-04-03
Marseille,28,23,9,5.5,0.2,28.1,10.5,76,0.2,2025-04-03
Toulouse,37,15,5,2.2,,37.0,13.0,66,9.2,2025-04-03
Lyon,34,34,,7.6,,15.1,10.0,76,3.0,2025-04-03
Bordeaux,42,,24,1.4,,41.9,23.0,20,7.2,2025-04-03
Lille,61,61,8,20.6,1.1,15.6,5.0,79.0,0.4,2025-04-03
Nice,21,21,11,22.7,1.1,7.4,12.0,62.0,4.6,2025-04-03
Strasbourg,20,63,20,19.4,,19.5,5.5,83.5,2.3,2025-04-03
Paris,25,60,25,34.3,0.6,18.9,12.2,72.6,9.0,2025-04-03
Rennes,24,24,13,5.5,,23.1,9.0,81.0,3.6,2025-04-03
Nantes,23,17,6,4.1,,22.8,10.0,76.0,5.1,2025-04-03
Marseille,28,25,11,5.9,0.2,28.2,10.0,80.0,0.7,2025-04-03
Toulouse,35,15,5,3.7,,35.3,13.0,66.0,9.2,2025-04-03
Lyon,34,34,,7.6,,15.1,9.5,78.5,2.5,2025-04-03
Bordeaux,42,,24,1.4,,41.9,23.0,20.0,7.2,2025-04-03
Lille,61,61,8,20.6,1.1,15.6,5.0,79.0,0.4,2025-04-03
Nice,26,26,19,27.3,1.1,3.9,15.0,51.0,4.6,2025-04-03
Strasbourg,31,63,31,23.5,,12.6,8.5,76.0,1.2,2025-04-03
Paris,25,60,25,34.3,0.6,18.9,12.2,72.6,9.0,2025-04-03
Rennes,40,40,13,7.3,,20.0,10.0,76.0,4.6,2025-04-03
Nantes,21,18,7,5.0,,20.9,9.0,93.0,4.6,2025-04-03
Marseille,28,28,14,9.1,0.4,24.7,11.1,81.0,0.7,2025-04-03
Toulouse,35,17,6,3.7,,34.8,13.0,66.0,9.7,2025-04-03
Lyon,34,34,,7.6,,15.1,13.0,66.5,3.0,2025-04-03
Bordeaux,42,,24,1.4,,41.9,23.0,20.0,7.2,2025-04-03
Lille,61,61,8,20.6,1.1,15.6,5.0,79.0,0.4,2025-04-03
Nice,31,31,24,28.6,1.1,3.9,15.0,51.0,4.3,2025-04-03
Strasbourg,26,63,26,21.0,,12.9,11.0,66.5,1.5,2025-04-03
Paris,53,53,20,39.2,0.6,12.8,14.4,61.0,9.0,2025-04-03
Rennes,47,47,13,7.3,,19.3,10.0,81.0,4.6,2025-04-03
Nantes,19,19,6,5.0,,18.2,10.0,93.0,4.6,2025-04-03
Marseille,30,30,15,9.3,0.3,25.2,14.4,69.0,3.0,2025-04-03
Toulouse,35,17,6,3.0,,35.4,14.0,62.0,10.2,2025-04-03
Lyon,34,34,,7.6,,15.1,15.0,58.0,5.1,2025-04-03
Bordeaux,42,,24,1.4,,41.9,23.0,20.0,7.2,2025-04-03
Lille,61,61,8,20.6,1.1,15.6,5.0,79,0.4,2025-04-03
Nice,30,30,22,21.9,1.1,14.2,18.0,45,2.0,2025-04-03
Strasbourg,31,63,31,14.2,,16.2,13.5,56,1.0,2025-04-03
Paris,23,59,23,37.8,0.6,7.5,15.5,61,9.0,2025-04-03
Rennes,59,59,13,6.8,,19.3,10.0,87,4.6,2025-04-03
Nantes,23,23,10,7.8,,16.6,10.0,93,4.6,2025-04-03
Marseille,31,30,15,5.4,0.3,31.1,18.3,53,2.0,2025-04-03
Toulouse,36,19,9,2.9,,35.7,14.5,60,9.7,2025-04-03
Lyon,49,49,,7.6,,15.1,16.0,59,5.6,2025-04-03
Bordeaux,42,,24,1.4,,41.9,23.0,20,7.2,2025-04-03
Lille,61,61,8,20.6,1.1,15.6,5.0,79,0.4,2025-04-03
Nice,37,33,15,4.7,1.1,37.1,18.0,59,4.6,2025-04-03
Strasbourg,31,63,31,14.2,,22.6,15.0,51,1.2,2025-04-03
Paris,32,68,32,31.7,0.6,22.2,16.9,49,1.0,2025-04-03
Rennes,53,53,13,6.4,,18.8,11.0,87,5.1,2025-04-03
Nantes,27,27,12,8.4,,17.0,11.0,93,4.1,2025-04-03
Marseille,34,28,15,4.7,0.3,33.7,20.0,49,4.0,2025-04-03
Toulouse,36,19,9,2.5,,35.8,14.5,58,9.2,2025-04-03
Lyon,43,43,,7.6,,15.1,17.0,55,6.1,2025-04-03
Bordeaux,42,,24,1.4,,41.9,23.0,20,7.2,2025-04-03
Lille,61,61,8,20.6,1.1,15.6,5.0,79.0,0.4,2025-04-03
Nice,50,50,19,2.4,1.1,41.8,18.0,63.0,5.6,2025-04-03
Strasbourg,30,63,30,12.5,,22.6,16.5,46.5,2.3,2025-04-03
Paris,68,68,33,27.9,0.6,22.2,18.3,44.5,1.0,2025-04-03
Rennes,29,29,13,4.5,,22.3,11.0,93.0,4.1,2025-04-03
Nantes,27,27,11,6.8,,18.8,12.0,87.0,5.1,2025-04-03
Marseille,37,31,16,3.2,0.3,37.4,20.0,47.0,4.0,2025-04-03
Toulouse,36,20,8,2.6,,36.2,14.0,67.0,8.7,2025-04-03
Lyon,43,43,,7.6,,15.1,17.5,53.5,6.6,2025-04-03
Bordeaux,42,,24,1.4,,41.9,23.0,20.0,7.2,2025-04-03
Lille,61,61,8,20.6,1.1,15.6,5.0,79.0,0.4,2025-04-03
Nice,47,47,18,2.4,1.1,42.6,18.0,63.0,2.5,2025-04-03
Strasbourg,27,63,25,8.1,,27.3,18.0,43.5,2.8,2025-04-03
Paris,65,65,33,22.4,0.6,31.2,19.4,61.0,18.0,2025-04-03
Rennes,47,47,13,4.7,,23.4,12.0,87.0,5.6,2025-04-03
Nantes,27,27,8,5.1,,21.7,13.0,87.0,5.1,2025-04-03
Marseille,40,34,19,2.7,0.3,39.6,19.4,47.0,5.0,2025-04-03
Toulouse,35,21,10,2.7,,35.4,15.5,62.5,8.4,2025-04-03
Lyon,37,37,,7.6,,15.1,19.0,48.0,5.1,2025-04-03
Bordeaux,42,,24,1.4,,41.9,23.0,20.0,7.2,2025-04-03
Lille,61,61,8,20.6,1.1,15.6,5.0,79,0.4,2025-04-03
Nice,46,46,21,3.0,1.1,42.8,18.0,63,2.0,2025-04-03
Strasbourg,32,63,17,8.1,,32.0,19.0,39,1.8,2025-04-03
Paris,59,59,24,22.1,0.6,32.9,37.2,45,18.0,2025-04-03
Rennes,37,37,13,3.6,,25.6,12.0,87,5.6,2025-04-03
Nantes,25,25,10,5.1,,24.3,14.0,76,5.1,2025-04-03
Marseille,40,33,17,3.1,0.3,40.3,19.4,47,5.0,2025-04-03
Toulouse,36,20,9,2.3,,36.3,16.5,61,10.0,2025-04-03
Lyon,36,36,,7.6,,15.1,19.0,48,7.2,2025-04-03
Bordeaux,42,,24,1.4,,41.9,23.0,20,7.2,2025-04-03
Lille,61,61,8,20.6,1.1,15.6,5.0,79.0,0.4,2025-04-03
Nice,44,37,17,3.1,1.1,43.8,18.0,52.0,1.0,2025-04-03
Strasbourg,35,63,20,7.9,,34.6,20.0,40.0,2.0,2025-04-03
Paris,37,67,20,21.3,0.6,36.5,21.8,37.6,1.0,2025-04-03
Rennes,28,28,10,3.6,,25.1,13.0,87.0,5.1,2025-04-03
Nantes,27,21,7,3.8,,26.7,14.0,76.0,4.6,2025-04-03
Marseille,41,33,17,3.8,0.3,40.5,21.1,43.0,4.0,2025-04-03
Toulouse,36,20,9,2.3,,36.3,16.5,61.0,10.0,2025-04-03
Lyon,36,36,,7.6,,15.1,19.0,52.0,5.6,2025-04-03
Bordeaux,42,,24,1.4,,41.9,23.0,20.0,7.2,2025-04-03
Lille,61,61,8,20.6,1.1,15.6,5.0,79,0.4,2025-04-03
Nice,45,37,15,2.8,1.1,45.1,18.0,59,1.0,2025-04-03
Strasbourg,35,63,20,7.9,,34.6,20.0,40,2.0,2025-04-03
Paris,67,67,22,21.9,0.6,36.5,40.5,37,16.0,2025-04-03
Rennes,26,26,8,4.7,,23.2,14.0,82,4.6,2025-04-03
Nantes,27,21,8,4.1,,26.5,14.0,76,5.1,2025-04-03
Marseille,41,32,15,4.0,0.4,41.3,20.5,42,6.0,2025-04-03
Toulouse,23,23,10,2.2,,36.7,17.0,59,10.2,2025-04-03
Lyon,36,36,,7.6,,15.1,19.0,52,4.6,2025-04-03
Bordeaux,42,,24,1.4,,41.9,23.0,20,7.2,2025-04-03
Lille,61,61,8,20.6,1.1,15.6,5.0,79,0.4,2025-04-03
Nice,43,39,17,5.4,1.1,42.9,18.0,59,1.0,2025-04-03
Strasbourg,37,63,17,10.9,,37.2,21.0,37,4.1,2025-04-03
Paris,61,61,20,25.0,0.6,37.8,38.8,37,14.0,2025-04-03
Rennes,28,28,9,4.6,,22.5,15.0,72,5.1,2025-04-03
Nantes,25,22,7,5.9,,24.5,14.0,76,5.1,2025-04-03
Marseille,41,30,16,4.1,0.3,41.4,20.0,42,1.0,2025-04-03
Toulouse,27,27,11,2.4,,36.6,17.0,59,9.7,2025-04-03
Lyon,36,36,,7.6,,15.1,19.0,50,4.3,2025-04-03
Bordeaux,42,,24,1.4,,41.9,23.0,20,7.2,2025-04-03
Lille,61,61,8,20.6,1.1,15.6,5.0,79,0.4,2025-04-03
Nice,43,43,16,10.1,1.1,40.0,17.0,55,0.5,2025-04-03
Strasbourg,44,63,22,12.4,,43.6,20.0,40,3.6,2025-04-03
Paris,59,59,14,24.4,0.6,39.0,32.7,38,13.0,2025-04-03
Rennes,31,31,10,6.2,,21.9,14.0,76,4.6,2025-04-03
Nantes,26,23,8,5.3,,25.5,14.0,76,4.6,2025-04-03
Marseille,41,30,14,4.6,0.3,40.9,19.4,51,3.0,2025-04-03
Toulouse,37,27,11,2.7,,36.5,16.0,63,8.2,2025-04-03
Lyon,36,36,,7.6,,15.1,19.0,50,3.8,2025-04-03
Bordeaux,42,,24,1.4,,41.9,23.0,20,7.2,2025-04-03
Lille,61,61,8,20.6,1.1,15.6,5.0,79.0,0.4,2025-04-03
Nice,41,41,16,9.1,1.1,39.0,17.0,53.0,0.2,2025-04-03
Strasbourg,43,63,17,15.2,,42.6,18.0,39.0,2.5,2025-04-03
Paris,65,65,17,25.7,0.6,39.5,27.7,43.7,12.0,2025-04-03
Rennes,35,35,12,4.3,,22.2,14.0,76.0,4.6,2025-04-03
Nantes,27,27,8,5.0,,24.4,14.0,76.0,4.1,2025-04-03
Marseille,39,30,13,5.1,0.3,38.8,17.2,58.0,1.5,2025-04-03
Toulouse,25,25,10,2.1,,36.9,15.5,58.5,7.7,2025-04-03
Lyon,30,30,,7.6,,15.1,17.0,55.0,2.5,2025-04-03
Bordeaux,42,,24,1.4,,41.9,23.0,20.0,7.2,2025-04-03
Lille,61,61,8,20.6,1.1,15.6,5.0,79.0,0.4,2025-04-03
Nice,51,51,17,21.5,1.1,22.3,16.5,51.5,0.2,2025-04-03
Strasbourg,43,63,17,15.2,,42.6,18.0,39.0,2.5,2025-04-03
Paris,53,53,13,31.3,0.6,39.3,24.1,51.6,10.0,2025-04-03
Rennes,35,35,11,4.4,,22.7,13.0,82.0,3.6,2025-04-03
Nantes,29,29,9,4.8,,24.9,14.0,76.0,4.1,2025-04-03
Marseille,34,34,13,8.1,0.3,34.2,15.0,62.0,0.2,2025-04-03
Toulouse,38,25,10,1.8,,38.2,15.0,58.0,8.4,2025-04-03
Lyon,35,35,,7.6,,15.1,16.0,59.0,2.0,2025-04-03
Bordeaux,42,,24,1.4,,41.9,23.0,20.0,7.2,2025-04-03
Lille,61,61,8,20.6,1.1,15.6,5.0,79.0,0.4,2025-04-03
Nice,55,55,20,20.0,1.1,18.2,16.0,55.0,3.0,2025-04-03
Strasbourg,37,63,18,19.4,,36.7,14.0,50.0,2.0,2025-04-03
Paris,55,55,20,33.6,0.6,37.4,22.5,56.3,8.0,2025-04-03
Rennes,38,38,11,4.9,,20.8,13.0,82.0,3.0,2025-04-03
Nantes,29,29,9,4.2,,24.0,13.0,76.0,1.5,2025-04-03
Marseille,38,38,13,8.1,0.2,33.6,12.7,69.0,0.2,2025-04-03
Toulouse,39,20,7,1.5,,38.9,14.5,60.0,8.7,2025-04-03
Lyon,40,40,,8.1,,15.1,16.0,59.0,4.1,2025-04-03
Bordeaux,42,,24,1.4,,41.9,23.0,20.0,7.2,2025-04-03
Lille,61,61,8,20.6,1.1,15.6,5.0,79.0,0.4,2025-04-03
Nice,51,51,17,13.8,1.1,19.5,15.0,58.0,4.1,2025-04-03
Strasbourg,30,63,21,25.0,,29.7,12.0,54.0,2.0,2025-04-03
Paris,60,60,24,43.6,0.6,31.4,21.2,60.6,8.5,2025-04-03
Rennes,35,35,11,4.7,,20.5,13.0,76.0,2.0,2025-04-03
Nantes,45,45,14,9.9,,14.5,12.0,81.0,2.5,2025-04-03
Marseille,49,49,18,15.1,0.2,21.1,12.7,69.0,2.0,2025-04-03
Toulouse,39,23,9,1.4,,39.4,14.0,62.0,10.0,2025-04-03
Lyon,41,41,,8.4,,15.1,15.0,62.0,2.5,2025-04-03
Bordeaux,42,,24,1.4,,41.9,23.0,20.0,7.2,2025-04-03
Lille,61,61,8,20.6,1.1,15.6,5.0,79.0,0.4,2025-04-04
Nice,48,48,17,10.9,1.1,19.5,15.0,54.0,3.6,2025-04-04
Strasbourg,22,63,14,34.2,,21.9,11.5,55.5,2.3,2025-04-04
Paris,60,60,24,43.6,0.6,31.4,21.2,60.6,8.5,2025-04-04
Rennes,42,42,14,4.9,,19.3,12.0,87.0,1.5,2025-04-04
Nantes,49,49,14,13.1,,10.3,12.0,87.0,2.5,2025-04-04
Marseille,45,45,15,14.0,0.3,20.3,12.2,70.0,2.0,2025-04-04
Toulouse,40,20,7,1.2,,40.0,14.0,58.0,10.0,2025-04-04
Lyon,41,41,,8.4,,15.1,15.0,67.0,2.0,2025-04-04
Bordeaux,42,,24,1.4,,41.9,23.0,20.0,7.2,2025-04-04
Lille,61,61,8,20.6,1.1,15.6,5.0,79.0,0.4,2025-04-04
Nice,35,35,12,8.3,1.1,18.2,14.0,54.0,4.1,2025-04-04
Strasbourg,26,63,26,13.1,,21.1,7.5,72.5,1.8,2025-04-04
Paris,57,57,23,26.2,0.6,22.8,13.0,65.0,7.1,2025-04-04
Rennes,30,30,9,3.7,,22.9,11.0,93.0,1.5,2025-04-04
Nantes,27,27,9,2.2,,23.7,13.0,82.0,4.1,2025-04-04
Marseille,37,37,12,9.1,0.1,21.2,10.5,71.0,1.0,2025-04-04
Toulouse,15,15,6,1.0,,40.9,14.0,62.0,8.4,2025-04-04
Lyon,44,44,,6.5,,15.1,11.0,81.0,0.5,2025-04-04
Bordeaux,42,,24,1.4,,41.9,23.0,20.0,7.2,2025-04-04
Lille,61,61,8,20.6,1.1,15.6,5.0,79.0,0.4,2025-04-04
Nice,33,33,12,10.1,1.1,17.3,13.0,58.0,4.6,2025-04-04
Strasbourg,25,63,25,20.7,,18.6,7.0,70.0,1.5,2025-04-04
Paris,37,55,37,24.7,0.6,22.0,16.1,65.0,9.0,2025-04-04
Rennes,29,29,8,3.7,,19.4,11.0,87.0,1.2,2025-04-04
Nantes,31,31,9,3.6,,19.8,12.0,81.0,3.6,2025-04-04
Marseille,30,30,10,8.0,0.1,22.5,9.4,73.5,0.5,2025-04-04
Toulouse,40,20,6,1.4,,39.6,13.5,69.0,10.5,2025-04-04
Lyon,40,40,,4.9,,15.1,10.0,81.0,1.0,2025-04-04
Bordeaux,42,,24,1.4,,41.9,23.0,20.0,7.2,2025-04-04
Lille,61,61,8,20.6,1.1,15.6,5.0,79,0.4,2025-04-04
Nice,33,33,13,15.3,1.1,11.7,13.0,58,4.1,2025-04-04
Strasbourg,24,63,24,22.9,,16.9,6.0,75,2.0,2025-04-04
Paris,55,55,15,29.4,0.6,21.6,15.5,66,9.0,2025-04-04
Rennes,29,29,8,6.4,,15.5,11.0,93,2.0,2025-04-04
Nantes,35,35,10,3.6,,17.2,11.0,87,3.0,2025-04-04
Marseille,32,32,13,16.4,0.1,13.7,9.4,73,1.0,2025-04-04
Toulouse,39,18,7,2.1,,39.2,13.5,69,10.2,2025-04-04
Lyon,43,43,,4.9,,15.1,10.0,84,1.0,2025-04-04
Bordeaux,42,,24,1.4,,41.9,23.0,20,7.2,2025-04-04
Lille,61,61,8,20.6,1.1,15.6,5.0,79.0,0.4,2025-04-04
Nice,37,37,17,24.8,1.1,3.7,14.0,58.0,4.6,2025-04-04
Strasbourg,27,63,27,22.9,,12.9,6.5,72.5,1.8,2025-04-04
Paris,55,55,15,29.4,0.6,21.6,15.5,66.0,9.0,2025-04-04
Rennes,29,29,7,6.4,,23.1,10.0,93.0,2.0,2025-04-04
Nantes,35,35,10,3.6,,17.2,11.0,87.0,3.0,2025-04-04
Marseille,53,53,20,22.2,0.1,10.4,10.0,71.0,1.0,2025-04-04
Toulouse,38,20,7,3.0,,38.4,13.5,69.0,10.5,2025-04-04
Lyon,53,53,,25.1,,15.1,11.0,87.0,1.0,2025-04-04
Bordeaux,42,,24,1.4,,41.9,23.0,20.0,7.2,2025-04-04
Lille,61,61,8,20.6,1.1,15.6,5.0,79.0,0.4,2025-04-04
Nice,51,51,37,26.9,,3.3,15.0,58.0,2.0,2025-04-04
Strasbourg,31,63,31,26.1,,9.3,12.5,56.0,2.3,2025-04-04
Paris,56,56,14,41.3,0.6,20.8,16.6,63.5,7.0,2025-04-04
Rennes,25,23,8,4.4,,25.3,13.0,76.0,4.1,2025-04-04
Nantes,42,42,16,9.2,,12.4,12.0,87.0,3.0,2025-04-04
Marseille,58,58,27,34.6,0.6,5.5,12.2,67.0,1.0,2025-04-04
Toulouse,37,20,7,3.9,,37.2,14.0,67.0,10.5,2025-04-04
Lyon,58,58,,25.1,,15.1,11.5,87.0,1.0,2025-04-04
Bordeaux,42,,24,1.4,,41.9,23.0,20.0,7.2,2025-04-04
Lille,61,61,8,20.6,1.1,15.6,5.0,79.0,0.4,2025-04-04
Nice,50,50,32,25.2,1.1,8.3,15.5,58.5,1.5,2025-04-04
Strasbourg,31,63,31,26.1,,9.3,12.5,56.0,2.3,2025-04-04
Paris,51,51,15,44.8,0.6,15.1,15.2,60.5,0.5,2025-04-04
Rennes,29,29,11,4.0,,25.1,15.0,72.0,3.6,2025-04-04
Nantes,42,42,16,10.7,,13.4,12.5,84.5,3.3,2025-04-04
Marseille,50,50,31,26.4,0.5,13.7,13.8,67.0,1.0,2025-04-04
Toulouse,22,22,9,3.9,,37.2,14.0,62.0,10.2,2025-04-04
Lyon,62,62,,28.8,,15.1,17.5,51.5,4.3,2025-04-04
Bordeaux,42,,24,1.4,,41.9,23.0,20.0,7.2,2025-04-04
Lille,61,61,8,20.6,1.1,15.6,5.0,79,0.4,2025-04-04
Nice,43,43,22,13.9,1.1,23.8,18.0,55,1.5,2025-04-04
Strasbourg,33,63,33,19.5,,23.4,13.5,54,2.3,2025-04-04
Paris,52,52,24,39.6,0.6,9.5,17.6,54,0.2,2025-04-04
Rennes,31,31,11,4.2,,22.8,15.0,72,3.0,2025-04-04
Nantes,36,36,13,7.0,,18.0,17.5,61,4.3,2025-04-04
Marseille,33,33,22,9.7,0.3,30.9,18.8,50,3.0,2025-04-04
Toulouse,37,22,9,3.8,,37.2,15.0,58,7.7,2025-04-04
Lyon,45,45,,23.3,,15.1,18.5,50,5.4,2025-04-04
Bordeaux,42,,24,1.4,,41.9,23.0,20,7.2,2025-04-04
Lille,61,61,8,20.6,1.1,15.6,5.0,79.0,0.4,2025-04-04
Nice,46,46,22,6.4,1.1,37.2,18.0,63.0,4.6,2025-04-04
Strasbourg,26,63,26,13.1,,23.4,16.5,46.5,1.8,2025-04-04
Paris,67,67,34,34.3,0.6,10.6,19.4,47.0,0.3,2025-04-04
Rennes,36,36,13,4.8,,22.8,18.0,63.0,2.0,2025-04-04
Nantes,29,29,11,7.0,,24.9,19.0,55.0,6.1,2025-04-04
Marseille,38,30,18,5.0,0.3,37.7,19.4,48.0,2.0,2025-04-04
Toulouse,22,22,9,4.4,,36.4,16.5,51.5,8.4,2025-04-04
Lyon,45,45,,13.0,,15.1,19.0,42.0,6.6,2025-04-04
Bordeaux,42,,24,1.4,,41.9,23.0,20.0,7.2,2025-04-04
Lille,61,61,8,20.6,1.1,15.6,5.0,79.0,0.4,2025-04-04
Nice,47,47,22,3.9,1.1,42.6,19.0,63.0,6.6,2025-04-04
Strasbourg,25,63,24,12.7,,25.1,18.5,42.0,3.6,2025-04-04
Paris,68,68,34,31.8,0.6,20.7,21.4,40.6,1.8,2025-04-04
Rennes,37,37,15,3.3,,26.6,19.0,63.0,3.6,2025-04-04
Nantes,32,23,10,2.7,,31.9,21.0,49.0,5.6,2025-04-04
Marseille,41,30,18,3.5,0.2,40.6,19.4,44.0,5.0,2025-04-04
Toulouse,38,22,9,3.0,,37.9,17.0,48.0,8.7,2025-04-04
Lyon,37,37,,7.5,,15.1,20.0,45.0,6.1,2025-04-04
Bordeaux,42,,24,1.4,,41.9,23.0,20.0,7.2,2025-04-04
Lille,61,61,8,20.6,1.1,15.6,5.0,79.0,0.4,2025-04-04
Nice,45,34,15,3.0,,45.1,18.0,59.0,8.2,2025-04-04
Strasbourg,34,63,22,9.4,,34.3,20.5,37.5,3.0,2025-04-04
Paris,31,68,31,30.5,0.6,25.2,22.2,36.0,2.0,2025-04-04
Rennes,38,38,18,3.1,,28.6,21.0,56.0,5.1,2025-04-04
Nantes,33,24,11,2.2,,33.4,21.0,52.0,5.6,2025-04-04
Marseille,43,24,13,2.6,0.2,42.6,20.5,44.0,2.0,2025-04-04
Toulouse,38,22,9,2.7,,38.2,17.0,48.0,7.2,2025-04-04
Lyon,36,36,,4.9,,15.1,21.0,40.0,6.1,2025-04-04
Bordeaux,42,,24,1.4,,41.9,23.0,20.0,7.2,2025-04-04
Lille,61,61,8,20.6,1.1,15.6,5.0,79.0,0.4,2025-04-04
Nice,47,29,14,2.7,,47.1,18.0,63.0,7.7,2025-04-04
Strasbourg,37,63,23,8.8,,37.4,21.5,33.5,3.0,2025-04-04
Paris,31,61,29,30.5,0.6,30.5,24.4,30.0,3.0,2025-04-04
Rennes,35,35,17,2.9,,31.5,21.0,52.0,5.1,2025-04-04
Nantes,36,25,9,2.2,,35.8,21.0,52.0,5.4,2025-04-04
Marseille,42,28,15,3.6,0.4,42.4,22.2,42.0,2.0,2025-04-04
Toulouse,38,19,10,2.6,,37.9,18.0,48.5,11.5,2025-04-04
Lyon,36,36,,5.7,,15.1,21.5,37.5,6.6,2025-04-04
Bordeaux,42,,24,1.4,,41.9,23.0,20.0,7.2,2025-04-04
Lille,61,61,8,20.6,1.1,15.6,5.0,79.0,0.4,2025-04-04
Nice,49,28,14,2.4,1.1,49.1,18.0,63.0,7.4,2025-04-04
Strasbourg,37,63,12,8.5,,37.4,23.0,28.0,3.6,2025-04-04
Paris,35,63,34,28.5,0.6,35.4,24.4,31.0,3.0,2025-04-04
Rennes,36,30,19,2.4,,36.2,21.0,49.0,5.1,2025-04-04
Nantes,37,26,10,2.2,,36.5,21.0,49.0,4.8,2025-04-04
Marseille,41,31,16,4.8,0.4,40.9,21.6,39.0,3.0,2025-04-04
Toulouse,39,22,13,2.2,,39.2,17.0,43.5,12.0,2025-04-04
Lyon,36,36,,5.7,,15.1,21.5,37.5,6.6,2025-04-04
Bordeaux,42,,24,1.4,,41.9,23.0,20.0,7.2,2025-04-04
Lille,61,61,8,20.6,1.1,15.6,5.0,79.0,0.4,2025-04-06
Nice,43,43,18,2.3,1.1,42.3,17.0,74.5,2.5,2025-04-06
Strasbourg,39,63,16,5.9,,39.3,13.0,26.0,9.0,2025-04-06
Paris,70,70,17,18.4,0.6,35.1,19.4,29.0,2.0,2025-04-06
Rennes,41,39,25,2.0,,40.8,21.0,35.0,4.6,2025-04-06
Nantes,47,39,15,4.0,,47.2,23.0,40.0,3.6,2025-04-06
Marseille,48,34,13,6.0,0.7,48.4,24.4,41.0,4.0,2025-04-06
Toulouse,20,20,11,1.3,,41.1,22.0,51.0,8.2,2025-04-06
Lyon,22,,22,5.0,,,20.0,38.5,8.7,2025-04-06
Bordeaux,39,9,16,6.4,,38.6,19.5,59.5,6.6,2025-04-06
Lille,61,61,8,20.6,1.1,15.6,5.0,79.0,0.4,2025-04-06
Nice,44,43,16,1.8,1.1,43.7,17.0,72.0,1.5,2025-04-06
Strasbourg,39,63,17,6.1,,39.2,12.0,26.0,7.7,2025-04-06
Paris,75,75,36,18.4,0.6,34.2,19.4,29.2,2.6,2025-04-06
Rennes,41,31,16,2.2,,40.9,20.0,37.0,4.6,2025-04-06
Nantes,46,35,12,4.0,,46.1,21.0,46.0,3.0,2025-04-06
Marseille,44,38,17,4.6,0.5,43.6,22.2,44.0,4.0,2025-04-06
Toulouse,20,20,11,1.5,,40.3,21.5,49.0,6.9,2025-04-06
Lyon,22,,22,5.0,,,20.0,38.5,8.7,2025-04-06
Bordeaux,39,9,24,6.4,,38.6,18.5,61.0,6.6,2025-04-06
Lille,61,61,8,20.6,1.1,15.6,5.0,79.0,0.4,2025-04-06
Nice,44,44,17,2.6,1.1,42.8,15.0,82.0,1.5,2025-04-06
Strasbourg,39,63,13,6.1,,38.9,11.0,26.0,7.7,2025-04-06
Paris,68,68,21,18.4,0.6,35.1,17.6,31.0,1.4,2025-04-06
Rennes,39,31,18,2.5,,38.5,18.0,55.0,4.6,2025-04-06
Nantes,43,27,10,4.0,,43.3,21.0,40.0,3.0,2025-04-06
Marseille,40,39,15,4.6,0.4,40.0,20.0,49.0,2.2,2025-04-06
Toulouse,40,20,11,1.9,,40.1,21.5,49.0,6.9,2025-04-06
Lyon,18,,18,5.0,,,17.5,33.5,8.4,2025-04-06
Bordeaux,39,9,24,6.4,,38.6,18.5,61.0,6.6,2025-04-06
Lille,61,61,8,20.6,1.1,15.6,5.0,79.0,0.4,2025-04-06
Nice,45,45,15,5.0,1.1,36.9,15.0,82.0,1.0,2025-04-06
Strasbourg,34,63,13,8.7,,34.4,8.5,30.0,5.9,2025-04-06
Paris,72,72,22,25.9,0.6,35.2,15.0,29.2,2.2,2025-04-06
Rennes,46,46,18,3.7,,34.7,14.0,71.0,3.6,2025-04-06
Nantes,35,35,14,4.0,,31.6,17.0,50.0,1.2,2025-04-06
Marseille,55,55,21,16.5,0.2,23.4,14.4,66.0,1.0,2025-04-06
Toulouse,35,22,11,2.7,,34.5,19.0,63.0,5.9,2025-04-06
Lyon,10,,10,5.0,,,14.5,36.5,7.2,2025-04-06
Bordeaux,30,30,17,6.4,,38.6,12.0,87.0,3.6,2025-04-06
Lille,61,61,8,20.6,1.1,15.6,5.0,79.0,0.4,2025-04-16
Nice,35,33,12,4.4,1.1,34.5,14.0,93.0,2.5,2025-04-16
Strasbourg,11,63,11,16.5,,5.3,13.0,93.0,2.0,2025-04-16
Paris,30,29,7,7.8,0.6,30.3,7.7,77.0,3.0,2025-04-16
Rennes,19,17,9,10.1,,19.1,3.0,100.0,3.0,2025-04-16
Nantes,9,9,9,9.5,,39.8,3.5,96.5,1.2,2025-04-16
Marseille,23,15,7,11.8,0.3,22.7,11.6,94.0,0.2,2025-04-16
Toulouse,5,5,2,2.8,,25.7,9.0,93.0,4.6,2025-04-16
Lyon,4,4,,5.7,,,8.0,93.0,1.5,2025-04-16
Bordeaux,26,34,15,1.0,,26.0,9.0,87.0,3.6,2025-04-16
Lille,61,61,8,20.6,1.1,15.6,5.0,79.0,0.4,2025-04-16
Nice,35,33,12,4.4,1.1,34.5,14.0,93.0,2.5,2025-04-16
Strasbourg,11,63,11,16.5,,5.3,13.0,93.0,2.0,2025-04-16
Paris,28,26,6,15.5,0.6,27.8,7.7,74.0,1.0,2025-04-16
Rennes,17,17,10,12.9,,14.8,8.0,81.0,2.5,2025-04-16
Nantes,20,20,11,13.0,,14.0,6.0,100.0,3.0,2025-04-16
Marseille,23,15,7,11.8,0.3,22.7,11.6,94.0,0.2,2025-04-16
Toulouse,23,5,2,4.5,,23.2,8.5,96.5,4.8,2025-04-16
Lyon,4,4,,5.7,,,8.0,93.0,1.5,2025-04-16
Bordeaux,26,34,15,1.0,,26.0,9.0,87.0,3.6,2025-04-16
Lille,61,61,8,20.6,1.1,15.6,5.0,79,0.4,2025-04-16
Nice,31,30,13,7.1,1.1,31.3,14.0,93,2.5,2025-04-16
Strasbourg,14,63,14,13.2,,9.7,14.5,87,4.1,2025-04-16
Paris,27,26,24,20.9,0.6,26.6,11.1,75,10.0,2025-04-16
Rennes,25,25,15,10.9,,17.3,11.0,66,2.5,2025-04-16
Nantes,20,20,12,13.0,,17.2,10.0,76,3.0,2025-04-16
Marseille,20,20,10,11.5,0.3,19.4,12.2,94,0.2,2025-04-16
Toulouse,8,8,3,5.5,,22.8,8.0,93,4.1,2025-04-16
Lyon,4,4,,5.7,,,8.0,93,1.5,2025-04-16
Bordeaux,26,34,15,1.0,,26.0,9.0,87,3.6,2025-04-16
Lille,61,61,8,20.6,1.1,15.6,5.0,79.0,0.4,2025-04-16
Nice,30,30,11,14.3,1.1,20.6,15.0,87.0,2.0,2025-04-16
Strasbourg,17,63,17,11.7,,18.0,16.5,74.5,4.6,2025-04-16
Paris,31,31,11,20.9,0.6,27.5,11.6,66.0,9.0,2025-04-16
Rennes,25,25,14,5.8,,24.4,13.0,58.0,4.1,2025-04-16
Nantes,29,18,10,10.5,,28.5,12.5,56.0,4.3,2025-04-16
Marseille,24,18,8,8.3,0.2,23.8,12.7,93.0,1.0,2025-04-16
Toulouse,24,8,3,4.6,,24.1,10.0,93.0,4.1,2025-04-16
Lyon,8,8,,2.7,,,8.0,93.0,3.0,2025-04-16
Bordeaux,26,34,15,1.0,,26.0,9.0,87.0,3.6,2025-04-16
Lille,61,61,8,20.6,1.1,15.6,5.0,79.0,0.4,2025-04-16
Nice,39,18,7,2.1,1.1,39.0,15.0,87.0,1.5,2025-04-16
Strasbourg,20,63,12,10.1,,20.0,12.0,81.0,3.0,2025-04-16
Paris,32,33,18,19.8,0.6,31.7,17.9,58.7,7.2,2025-04-16
Rennes,34,17,14,2.2,,34.4,15.0,44.0,6.1,2025-04-16
Nantes,36,14,8,1.8,,36.4,15.0,41.0,5.1,2025-04-16
Marseille,20,16,7,15.0,0.3,19.9,12.7,91.0,1.0,2025-04-16
Toulouse,31,10,4,3.2,,30.7,11.5,78.5,2.8,2025-04-16
Lyon,10,10,,5.6,,,9.0,87.0,4.1,2025-04-16
Bordeaux,26,34,15,1.0,,26.0,9.0,87.0,3.6,2025-04-16
Lille,61,61,8,20.6,1.1,15.6,5.0,79.0,0.4,2025-04-16
Nice,37,16,6,3.3,1.1,36.6,14.0,93.0,1.5,2025-04-16
Strasbourg,24,63,12,9.3,,23.9,12.0,78.5,4.1,2025-04-16
Paris,34,33,14,18.7,0.6,33.6,17.7,48.5,7.0,2025-04-16
Rennes,35,18,20,1.7,,35.4,15.0,44.0,5.6,2025-04-16
Nantes,37,13,8,0.9,,37.3,15.0,51.0,6.1,2025-04-16
Marseille,21,21,8,18.4,0.3,18.5,12.2,91.0,1.0,2025-04-16
Toulouse,32,10,5,2.5,,32.4,13.0,68.5,2.5,2025-04-16
Lyon,10,10,,5.6,,,9.0,87.0,4.1,2025-04-16
Bordeaux,26,34,15,1.0,,26.0,9.0,87.0,3.6,2025-04-16
Lille,61,61,8,20.6,1.1,15.6,5.0,79.0,0.4,2025-04-16
Nice,24,12,5,6.6,1.1,24.1,12.0,87.0,3.0,2025-04-16
Strasbourg,22,63,11,15.0,,21.7,10.0,93.0,2.8,2025-04-16
Paris,45,45,28,29.5,0.6,29.8,13.3,64.5,9.0,2025-04-16
Rennes,30,13,6,4.6,,30.0,8.0,81.0,3.6,2025-04-16
Nantes,35,14,7,2.8,,35.1,8.0,81.0,2.0,2025-04-16
Marseille,29,13,5,8.2,0.3,29.1,10.0,92.0,0.2,2025-04-16
Toulouse,26,6,4,6.3,,26.4,9.5,78.5,2.3,2025-04-16
Lyon,13,13,,7.6,,,9.0,93.0,1.5,2025-04-16
Bordeaux,33,34,15,1.0,,33.3,9.0,81.0,2.5,2025-04-16
Lille,61,61,8,20.6,1.1,15.6,5.0,79.0,0.4,2025-04-16
Nice,24,12,5,5.0,1.1,24.2,13.0,76.0,4.6,2025-04-16
Strasbourg,23,63,11,9.9,,23.0,10.0,87.0,2.0,2025-04-16
Paris,45,45,28,29.5,0.6,29.8,13.3,64.5,9.0,2025-04-16
Rennes,29,15,7,4.3,,29.1,8.0,81.0,2.5,2025-04-16
Nantes,32,15,7,3.7,,32.3,8.0,87.0,3.0,2025-04-16
Marseille,20,18,7,8.5,0.2,19.5,10.0,93.0,1.0,2025-04-16
Toulouse,10,10,5,6.3,,26.4,9.0,81.0,3.8,2025-04-16
Lyon,15,15,,5.7,,,9.0,93.0,1.5,2025-04-16
Bordeaux,33,34,15,1.0,,33.3,9.0,81.0,2.5,2025-04-16
Lille,61,61,8,20.6,1.1,15.6,5.0,79.0,0.4,2025-04-17
Nice,13,8,4,18.1,1.1,13.0,13.0,87.0,3.0,2025-04-17
Strasbourg,18,63,12,16.6,,18.3,8.0,100.0,3.6,2025-04-17
Paris,60,60,18,31.9,0.6,4.4,9.7,79.0,1.5,2025-04-17
Rennes,26,26,15,10.4,,10.4,6.0,87.0,1.5,2025-04-17
Nantes,16,16,8,11.0,,13.4,7.0,93.0,1.5,2025-04-17
Marseille,21,14,11,10.0,0.2,20.6,8.8,81.0,7.0,2025-04-17
Toulouse,29,14,11,4.4,,28.8,9.0,76.0,6.6,2025-04-17
Lyon,17,17,,4.6,,,8.0,93.0,5.1,2025-04-17
Bordeaux,24,34,15,1.0,,23.6,5.5,96.5,1.8,2025-04-17
Lille,61,61,8,20.6,1.1,15.6,5.0,79.0,0.4,2025-04-17
Nice,14,14,9,24.2,1.1,6.8,13.0,93.0,3.6,2025-04-17
Strasbourg,17,63,12,16.5,,16.9,8.0,100.0,4.1,2025-04-17
Paris,68,68,18,33.9,0.6,0.5,12.2,68.0,2.0,2025-04-17
Rennes,28,28,17,10.1,,16.4,9.0,81.0,1.5,2025-04-17
Nantes,18,16,8,11.0,,18.2,11.0,81.0,2.5,2025-04-17
Marseille,22,14,12,8.5,0.2,21.9,9.4,79.0,8.0,2025-04-17
Toulouse,31,9,4,3.1,,31.2,10.0,76.0,8.2,2025-04-17
Lyon,15,15,,4.6,,,8.0,93.0,5.1,2025-04-17
Bordeaux,24,34,15,1.0,,23.6,5.5,96.5,1.8,2025-04-17
Lille,61,61,8,20.6,1.1,15.6,5.0,79.0,0.4,2025-04-17
Nice,26,8,5,9.3,1.1,26.3,14.0,87.0,8.7,2025-04-17
Strasbourg,16,63,12,15.7,,16.1,8.5,96.5,4.8,2025-04-17
Paris,95,95,26,33.9,0.6,1.6,13.0,59.5,8.0,2025-04-17
Rennes,26,21,12,5.7,,26.0,11.0,76.0,2.0,2025-04-17
Nantes,28,13,8,4.9,,27.7,12.5,68.5,2.5,2025-04-17
Marseille,24,13,13,7.1,0.2,24.3,10.0,73.0,14.0,2025-04-17
Toulouse,34,13,11,2.3,,34.2,11.0,71.0,8.2,2025-04-17
Lyon,15,15,,4.6,,,8.0,87.0,5.6,2025-04-17
Bordeaux,24,34,15,1.0,,23.6,5.5,96.5,1.8,2025-04-17
Lille,61,61,8,20.6,1.1,15.6,5.0,79.0,0.4,2025-04-17
Nice,35,8,5,4.7,1.1,34.6,15.0,87.0,5.9,2025-04-17
Strasbourg,18,63,9,13.4,,17.5,9.0,93.0,4.8,2025-04-17
Paris,53,53,39,26.1,0.6,13.5,15.1,38.6,3.0,2025-04-17
Rennes,33,15,17,2.3,,32.9,14.0,54.0,3.6,2025-04-17
Nantes,38,8,6,1.7,,38.3,14.0,62.0,3.6,2025-04-17
Marseille,31,11,9,4.0,0.1,30.8,10.0,72.0,7.0,2025-04-17
Toulouse,13,13,9,1.9,,35.9,13.0,58.0,7.2,2025-04-17
Lyon,11,11,,4.6,,,8.0,81.0,7.9,2025-04-17
Bordeaux,24,34,15,1.0,,23.6,5.5,96.5,1.8,2025-04-17
Lille,61,61,8,20.6,1.1,15.6,5.0,79.0,0.4,2025-04-17
Nice,37,10,6,5.1,1.1,36.5,15.0,82.0,3.0,2025-04-17
Strasbourg,19,63,9,14.5,,18.6,9.0,93.0,3.8,2025-04-17
Paris,56,56,39,25.8,0.6,25.1,18.6,47.5,8.0,2025-04-17
Rennes,33,14,15,1.4,,32.5,14.0,54.0,2.5,2025-04-17
Nantes,40,6,4,1.5,,40.1,14.0,62.0,3.0,2025-04-17
Marseille,30,10,9,4.2,0.1,30.1,10.0,75.0,7.0,2025-04-17
Toulouse,37,13,9,2.5,,36.6,14.0,60.0,5.1,2025-04-17
Lyon,10,10,,4.6,,,8.0,87.0,6.9,2025-04-17
Bordeaux,24,34,15,1.0,,23.6,5.5,96.5,1.8,2025-04-17
Lille,61,61,8,20.6,1.1,15.6,5.0,79.0,0.4,2025-04-17
Nice,34,10,5,7.3,1.1,33.5,14.0,87.0,2.5,2025-04-17
Strasbourg,18,63,5,15.3,,17.9,10.0,93.0,4.1,2025-04-17
Paris,49,49,30,22.4,0.6,32.0,18.3,44.0,7.0,2025-04-17
Rennes,35,11,10,2.5,,34.6,15.0,54.0,2.5,2025-04-17
Nantes,39,7,6,1.1,,39.0,14.0,54.0,4.6,2025-04-17
Marseille,29,9,8,4.5,0.1,29.2,11.1,68.0,6.0,2025-04-17
Toulouse,37,11,6,2.0,,37.0,13.5,60.0,6.6,2025-04-17
Lyon,10,10,,4.6,,,9.0,87.0,3.6,2025-04-17
Bordeaux,24,34,15,1.0,,23.6,5.5,96.5,1.8,2025-04-17
Lille,61,61,8,20.6,1.1,15.6,5.0,79.0,0.4,2025-04-17
Nice,34,7,4,4.9,1.1,33.9,14.0,87.0,4.6,2025-04-17
Strasbourg,17,63,10,16.2,,17.2,10.0,87.0,4.1,2025-04-17
Paris,49,49,30,22.4,0.6,32.0,18.3,44.0,7.0,2025-04-17
Rennes,37,11,9,2.2,,37.0,15.0,54.0,4.1,2025-04-17
Nantes,39,7,6,1.6,,38.5,15.0,51.0,5.1,2025-04-17
Marseille,31,8,6,3.5,0.1,31.1,11.6,65.0,6.0,2025-04-17
Toulouse,37,11,6,1.7,,37.2,14.5,54.0,7.7,2025-04-17
Lyon,14,14,,4.6,,,9.0,87.0,3.0,2025-04-17
Bordeaux,39,34,15,1.0,,38.6,16.0,51.5,5.9,2025-04-17
Lille,61,61,8,20.6,1.1,15.6,5.0,79,0.4,2025-04-17
Nice,31,7,4,4.9,1.1,30.5,14.0,87,1.5,2025-04-17
Strasbourg,15,63,13,14.4,,15.4,9.5,90,4.3,2025-04-17
Paris,33,67,14,26.1,0.6,32.9,22.2,44,7.0,2025-04-17
Rennes,38,11,8,2.5,,37.9,14.0,54,3.6,2025-04-17
Nantes,39,7,6,1.6,,38.5,15.0,51,5.1,2025-04-17
Marseille,31,8,6,3.5,0.1,31.1,12.7,60,10.0,2025-04-17
Toulouse,37,11,6,1.7,,37.2,14.5,54,7.7,2025-04-17
Lyon,14,14,,4.6,,,9.0,87,3.0,2025-04-17
Bordeaux,39,34,15,1.0,,39.0,16.5,40,6.4,2025-04-17
Lille,61,61,8,20.6,1.1,15.6,5.0,79.0,0.4,2025-04-17
Nice,30,7,4,5.7,1.1,29.8,15.0,82.0,2.5,2025-04-17
Strasbourg,16,63,10,16.9,,15.6,9.0,93.0,5.4,2025-04-17
Paris,66,66,14,26.1,0.6,32.9,17.7,37.0,4.4,2025-04-17
Rennes,38,8,5,3.2,,38.0,14.0,50.0,2.5,2025-04-17
Nantes,41,8,6,1.0,,41.4,14.5,52.5,4.3,2025-04-17
Marseille,32,8,8,3.7,0.1,32.3,13.3,61.0,7.0,2025-04-17
Toulouse,36,8,5,1.8,,35.9,14.0,58.0,6.6,2025-04-17
Lyon,12,12,,5.7,,,9.0,87.0,2.5,2025-04-17
Bordeaux,39,34,15,1.0,,39.4,15.5,45.5,5.6,2025-04-17
Lille,61,61,8,20.6,1.1,15.6,5.0,79.0,0.4,2025-04-17
Nice,28,8,4,7.8,1.1,27.5,15.0,76.0,2.5,2025-04-17
Strasbourg,16,63,9,15.2,,16.2,9.0,90.0,3.8,2025-04-17
Paris,65,65,32,24.5,0.6,33.6,27.2,41.0,6.0,2025-04-17
Rennes,36,10,10,2.7,,36.0,14.0,58.0,3.0,2025-04-17
Nantes,41,9,6,1.4,,40.6,14.0,54.0,4.6,2025-04-17
Marseille,33,8,8,3.6,0.1,32.7,12.2,62.0,7.0,2025-04-17
Toulouse,8,8,4,1.9,,35.7,11.5,78.5,5.9,2025-04-17
Lyon,14,14,,6.4,,,9.0,84.0,2.5,2025-04-17
Bordeaux,39,34,15,1.0,,39.4,15.5,45.5,5.6,2025-04-17
Lille,61,61,8,20.6,1.1,15.6,5.0,79.0,0.4,2025-04-17
Nice,30,7,4,6.1,1.1,29.7,15.0,76.0,2.5,2025-04-17
Strasbourg,15,63,15,17.0,,15.2,8.5,90.0,3.0,2025-04-17
Paris,61,61,22,21.4,0.6,33.6,23.6,42.5,6.0,2025-04-17
Rennes,37,13,11,3.3,,37.0,13.0,58.0,2.5,2025-04-17
Nantes,41,8,5,1.3,,40.5,13.0,58.0,4.1,2025-04-17
Marseille,32,8,6,3.8,0.1,32.4,10.5,65.0,10.0,2025-04-17
Toulouse,36,8,4,2.0,,36.4,12.0,76.0,4.6,2025-04-17
Lyon,14,14,,6.4,,,9.0,84.0,2.5,2025-04-17
Bordeaux,38,34,15,1.0,,38.2,15.5,42.5,4.6,2025-04-17
Lille,61,61,8,20.6,1.1,15.6,5.0,79.0,0.4,2025-04-17
Nice,24,9,4,11.0,1.1,24.3,14.0,87.0,5.1,2025-04-17
Strasbourg,17,63,17,17.3,,15.4,8.0,93.0,2.0,2025-04-17
Paris,34,65,22,28.0,0.6,33.6,13.3,48.5,5.6,2025-04-17
Rennes,37,15,9,3.3,,36.7,12.0,66.0,2.0,2025-04-17
Nantes,41,9,5,1.5,,40.8,11.0,66.0,1.5,2025-04-17
Marseille,32,7,4,3.9,0.1,32.3,9.4,69.0,5.0,2025-04-17
Toulouse,8,8,4,3.9,,33.8,11.0,73.5,1.5,2025-04-17
Lyon,16,16,,6.4,,,8.0,87.0,2.5,2025-04-17
Bordeaux,38,34,15,1.0,,38.2,15.5,42.5,4.6,2025-04-17
Lille,61,61,8,20.6,1.1,15.6,5.0,79.0,0.4,2025-04-18
Nice,16,16,10,14.5,,2.4,12.5,84.5,3.0,2025-04-18
Strasbourg,20,63,15,10.6,,19.9,7.0,87.0,2.5,2025-04-18
Paris,45,45,13,33.0,0.6,22.3,10.0,79.0,8.0,2025-04-18
Rennes,22,15,6,5.9,,21.9,9.0,93.0,5.6,2025-04-18
Nantes,28,14,6,3.6,,27.6,10.0,87.0,4.6,2025-04-18
Marseille,22,15,7,9.7,0.3,22.3,7.2,90.0,3.0,2025-04-18
Toulouse,22,22,7,12.6,,7.0,9.0,81.0,4.1,2025-04-18
Lyon,18,18,,13.9,,,6.5,96.5,1.0,2025-04-18
Bordeaux,20,34,15,1.0,,19.9,8.5,81.0,4.1,2025-04-18
Lille,61,61,8,20.6,1.1,15.6,5.0,79.0,0.4,2025-04-18
Nice,16,16,10,14.5,,2.4,12.5,84.5,3.0,2025-04-18
Strasbourg,20,63,11,10.6,,19.9,7.0,87.0,3.0,2025-04-18
Paris,45,45,13,33.0,0.6,22.3,10.0,79.0,8.0,2025-04-18
Rennes,22,15,6,5.9,,21.9,9.0,93.0,5.6,2025-04-18
Nantes,28,14,6,3.6,,27.6,10.0,87.0,4.6,2025-04-18
Marseille,22,15,7,9.7,0.3,22.3,7.2,90.0,3.0,2025-04-18
Toulouse,22,22,7,12.6,,7.0,9.0,81.0,4.1,2025-04-18
Lyon,18,18,,13.9,,,6.5,96.5,1.0,2025-04-18
Bordeaux,20,34,15,1.0,,19.9,8.5,81.0,4.1,2025-04-18
Lille,61,61,8,20.6,1.1,15.6,5.0,79.0,0.4,2025-04-18
Nice,16,16,10,14.5,,2.4,12.5,84.5,3.0,2025-04-18
Strasbourg,20,63,11,10.6,,19.9,7.0,87.0,3.0,2025-04-18
Paris,45,45,13,33.0,0.6,22.3,10.0,79.0,8.0,2025-04-18
Rennes,22,15,6,5.9,,21.9,9.0,93.0,5.6,2025-04-18
Nantes,28,14,6,3.6,,27.6,10.0,87.0,4.6,2025-04-18
Marseille,22,15,7,9.7,0.3,22.3,7.2,90.0,3.0,2025-04-18
Toulouse,19,19,7,11.9,,8.9,10.0,78.5,3.6,2025-04-18
Lyon,18,18,,13.9,,,6.5,96.5,1.0,2025-04-18
Bordeaux,20,34,15,1.0,,19.9,8.5,81.0,4.1,2025-04-18
