Ville,Description_Temps,Température_Ressentie (°C),Humidite_WM,Pression_Atmosphérique (hPa),Niveau_Mer (hPa),Pression_Sol (hPa),Vitesse_Vent (m/sec),Direction_Vent (DEG),Rafales_Vent (m/sec),Précipitations_1h (mm/h),Couverture_Nuageuse (%),Heure_Lever_Soleil,Heure_Coucher_Soleil
Nice,peu nuageux,287.9,81,1012,1012,993,3.09,330,0.0,0.0,20,2025-04-18 04:43:00,2025-04-18 18:17:14
Strasbourg,couvert,279.53,81,1016,1016,999,2.57,260,0.0,0.0,100,2025-04-18 04:32:31,2025-04-18 18:23:43
Paris,ciel dégagé,283.05,73,1015,1015,1005,3.09,140,0.0,0.0,0,2025-04-18 04:53:36,2025-04-18 18:45:57
Rennes,légère pluie,279.24,93,1010,1010,1002,5.66,140,0.0,0.14,100,2025-04-18 05:11:09,2025-04-18 19:00:32
Nantes,couvert,282.54,87,1010,1010,1007,3.6,150,0.0,0.0,100,2025-04-18 05:12:12,2025-04-18 18:58:24
Marseille,ciel dégagé,283.87,70,1014,1014,1007,1.79,4,5.36,0.0,3,2025-04-18 04:51:01,2025-04-18 18:24:00
Toulouse,peu nuageux,283.36,76,1014,1014,992,3.09,120,0.0,0.0,20,2025-04-18 05:06:24,2025-04-18 18:40:21
Lyon,peu nuageux,282.44,85,1017,1017,984,1.54,0,0.0,0.0,20,2025-04-18 04:49:13,2025-04-18 18:30:12
Bordeaux,ciel dégagé,285.33,62,1011,1011,1006,6.17,140,0.0,0.0,0,2025-04-18 05:12:24,2025-04-18 18:50:21
Nice,peu nuageux,288.75,74,1013,1013,994,1.03,0,0.0,0,20,2025-04-18 04:43:00,2025-04-18 18:17:14
Strasbourg,couvert,279.19,81,1016,1016,999,3.09,240,0.0,0,100,2025-04-18 04:32:31,2025-04-18 18:23:43
Paris,ciel dégagé,284.99,66,1014,1014,1004,4.12,150,0.0,0,0,2025-04-18 04:53:36,2025-04-18 18:45:57
Rennes,bruine légère,279.24,93,1010,1010,1002,5.66,140,0.0,0,100,2025-04-18 05:11:09,2025-04-18 19:00:32
Nantes,couvert,283.51,82,1010,1010,1006,4.12,160,0.0,0,100,2025-04-18 05:12:12,2025-04-18 18:58:24
Marseille,ciel dégagé,284.95,63,1014,1014,1007,2.68,313,5.36,0,5,2025-04-18 04:51:01,2025-04-18 18:24:00
Toulouse,ciel dégagé,286.42,67,1013,1013,991,3.09,120,0.0,0,0,2025-04-18 05:06:24,2025-04-18 18:40:21
Lyon,peu nuageux,283.21,71,1017,1017,984,1.54,0,0.0,0,20,2025-04-18 04:49:13,2025-04-18 18:30:12
Bordeaux,ciel dégagé,286.33,58,1011,1011,1006,6.69,130,0.0,0,0,2025-04-18 05:12:24,2025-04-18 18:50:21
Nice,ciel dégagé,291.91,70,1014,1014,995,2.06,170,0.0,0,0,2025-04-22 04:36:35,2025-04-22 18:22:02
Strasbourg,ciel dégagé,290.37,52,1017,1017,1000,1.54,50,0.0,0,0,2025-04-22 04:25:00,2025-04-22 18:29:37
Paris,ciel dégagé,287.52,71,1018,1018,1008,2.57,300,0.0,0,0,2025-04-22 04:46:01,2025-04-22 18:51:56
Rennes,nuageux,286.22,62,1019,1019,1011,4.12,230,0.0,0,75,2025-04-22 05:03:45,2025-04-22 19:06:19
Nantes,ciel dégagé,287.29,58,1020,1020,1017,6.17,260,0.0,0,0,2025-04-22 05:05:01,2025-04-22 19:03:59
Marseille,couvert,291.05,61,1014,1014,1007,3.58,237,6.26,0,100,2025-04-22 04:44:42,2025-04-22 18:28:44
Toulouse,couvert,287.42,63,1022,1022,1000,4.63,310,0.0,0,100,2025-04-22 05:00:00,2025-04-22 18:45:08
Lyon,ciel dégagé,291.2,54,1017,1017,985,5.14,350,0.0,0,0,2025-04-22 04:42:22,2025-04-22 18:35:27
Bordeaux,ciel dégagé,289.45,51,1021,1021,1016,5.66,300,0.0,0,0,2025-04-22 05:05:45,2025-04-22 18:55:23
Nice,ciel dégagé,291.36,76,1014,1014,995,1.54,210,0.0,0,0,2025-04-22 04:36:35,2025-04-22 18:22:02
Strasbourg,ciel dégagé,289.42,59,1017,1017,1000,1.03,340,0.0,0,0,2025-04-22 04:25:00,2025-04-22 18:29:37
Paris,ciel dégagé,287.26,74,1018,1018,1008,2.06,170,0.0,0,0,2025-04-22 04:46:01,2025-04-22 18:51:57
Rennes,ciel dégagé,286.12,58,1019,1019,1011,4.12,230,0.0,0,0,2025-04-22 05:03:45,2025-04-22 19:06:19
Nantes,ciel dégagé,286.29,62,1020,1020,1017,4.63,260,0.0,0,0,2025-04-22 05:05:01,2025-04-22 19:03:59
Marseille,couvert,291.2,66,1015,1015,1007,0.45,267,0.89,0,100,2025-04-22 04:44:41,2025-04-22 18:28:44
Toulouse,couvert,286.55,72,1022,1022,1000,4.63,280,0.0,0,100,2025-04-22 05:00:00,2025-04-22 18:45:08
Lyon,ciel dégagé,290.2,58,1017,1017,985,4.63,360,0.0,0,0,2025-04-22 04:42:22,2025-04-22 18:35:27
Bordeaux,ciel dégagé,288.35,51,1021,1021,1016,5.66,290,0.0,0,0,2025-04-22 05:05:45,2025-04-22 18:55:23
Nice,ciel dégagé,289.88,76,1015,1015,996,2.06,220,0.0,0,0,2025-04-22 04:36:35,2025-04-22 18:22:02
Strasbourg,ciel dégagé,288.5,67,1018,1018,1001,1.54,40,0.0,0,0,2025-04-22 04:25:00,2025-04-22 18:29:37
Paris,ciel dégagé,286.79,72,1018,1018,1008,2.06,130,0.0,0,0,2025-04-22 04:46:01,2025-04-22 18:51:56
Rennes,couvert,286.22,62,1019,1019,1012,3.6,230,0.0,0,100,2025-04-22 05:03:45,2025-04-22 19:06:19
Nantes,ciel dégagé,285.32,67,1020,1020,1017,4.63,260,0.0,0,0,2025-04-22 05:05:01,2025-04-22 19:03:59
Marseille,couvert,291.12,66,1015,1015,1004,4.21,286,7.63,0,100,2025-04-22 04:44:41,2025-04-22 18:28:42
Toulouse,couvert,285.56,76,1023,1023,1001,5.14,270,0.0,0,100,2025-04-22 05:00:00,2025-04-22 18:45:08
Lyon,ciel dégagé,288.65,66,1018,1018,986,3.09,360,0.0,0,0,2025-04-22 04:42:22,2025-04-22 18:35:27
Bordeaux,ciel dégagé,286.43,62,1022,1022,1017,3.09,290,0.0,0,0,2025-04-22 05:05:45,2025-04-22 18:55:23
Nice,ciel dégagé,289.24,76,1015,1015,996,2.06,230,0.0,0,0,2025-04-22 04:36:35,2025-04-22 18:22:02
Strasbourg,ciel dégagé,286.72,82,1018,1018,1002,1.03,360,0.0,0,0,2025-04-22 04:25:00,2025-04-22 18:29:37
Paris,ciel dégagé,286.31,79,1019,1019,1009,2.57,120,0.0,0,0,2025-04-22 04:46:01,2025-04-22 18:51:56
Rennes,couvert,285.12,62,1020,1020,1012,4.63,220,0.0,0,100,2025-04-22 05:03:45,2025-04-22 19:06:19
Nantes,peu nuageux,283.51,82,1021,1021,1018,2.57,220,0.0,0,20,2025-04-22 05:05:01,2025-04-22 19:03:59
Marseille,couvert,288.95,75,1016,1016,1008,4.79,276,7.15,0,85,2025-04-22 04:44:41,2025-04-22 18:28:44
Toulouse,ciel dégagé,285.43,71,1024,1024,1001,5.14,260,0.0,0,0,2025-04-22 05:00:00,2025-04-22 18:45:08
Lyon,ciel dégagé,286.97,71,1019,1019,987,3.09,350,0.0,0,0,2025-04-22 04:42:22,2025-04-22 18:35:27
Bordeaux,ciel dégagé,285.46,67,1023,1023,1018,3.09,280,0.0,0,0,2025-04-22 05:05:45,2025-04-22 18:55:23
Nice,ciel dégagé,289.05,75,1015,1015,996,2.06,260,0.0,0,0,2025-04-22 04:36:35,2025-04-22 18:22:02
Strasbourg,ciel dégagé,285.61,82,1018,1018,1002,0.51,0,0.0,0,0,2025-04-22 04:25:00,2025-04-22 18:29:37
Paris,ciel dégagé,285.67,83,1019,1019,1009,1.54,110,0.0,0,0,2025-04-22 04:46:01,2025-04-22 18:51:56
Rennes,ciel dégagé,284.13,66,1019,1019,1011,4.12,200,0.0,0,0,2025-04-22 05:03:45,2025-04-22 19:06:19
Nantes,ciel dégagé,283.51,82,1021,1021,1018,2.57,230,0.0,0,0,2025-04-22 05:05:01,2025-04-22 19:03:59
Marseille,couvert,287.85,80,1016,1016,1009,4.95,284,7.27,0,88,2025-04-22 04:44:41,2025-04-22 18:28:44
Toulouse,ciel dégagé,284.46,76,1024,1024,1002,4.12,270,0.0,0,0,2025-04-22 05:00:00,2025-04-22 18:45:08
Lyon,ciel dégagé,285.9,74,1019,1019,987,3.6,330,0.0,0,0,2025-04-22 04:42:22,2025-04-22 18:35:27
Bordeaux,ciel dégagé,284.6,76,1024,1024,1019,2.06,260,0.0,0,0,2025-04-22 05:05:45,2025-04-22 18:55:23
Nice,ciel dégagé,288.88,74,1015,1015,996,2.06,300,0.0,0.0,0,2025-04-22 04:36:35,2025-04-22 18:22:02
Strasbourg,ciel dégagé,283.57,87,1018,1018,1002,1.03,270,0.0,0.0,0,2025-04-22 04:25:00,2025-04-22 18:29:37
Paris,ciel dégagé,285.46,85,1019,1019,1009,2.06,160,0.0,0.0,0,2025-04-22 04:46:01,2025-04-22 18:51:56
Rennes,légère pluie,283.45,82,1018,1018,1011,4.12,200,0.0,0.13,0,2025-04-22 05:03:45,2025-04-22 19:06:19
Nantes,couvert,283.51,82,1020,1020,1017,3.6,210,0.0,0.0,100,2025-04-22 05:05:01,2025-04-22 19:03:59
Marseille,couvert,286.71,83,1016,1016,1009,5.03,297,7.65,0.0,91,2025-04-22 04:44:41,2025-04-22 18:28:44
Toulouse,ciel dégagé,283.64,87,1024,1024,1002,3.6,250,0.0,0.0,0,2025-04-22 05:00:00,2025-04-22 18:45:08
Lyon,ciel dégagé,285.14,76,1020,1020,988,3.09,330,0.0,0.0,0,2025-04-22 04:42:22,2025-04-22 18:35:27
Bordeaux,ciel dégagé,282.69,87,1024,1024,1019,1.54,230,0.0,0.0,0,2025-04-22 05:05:45,2025-04-22 18:55:23
Nice,partiellement nuageux,292.53,68,1014,1014,995,4.12,100,0.0,0.0,40,2025-04-26 04:30:26,2025-04-26 18:26:50
Strasbourg,nuageux,286.51,72,1018,1018,1001,4.12,40,0.0,0.0,75,2025-04-26 04:17:45,2025-04-26 18:35:31
Paris,ciel dégagé,288.34,69,1019,1019,1009,4.63,30,0.0,0.0,0,2025-04-26 04:38:42,2025-04-26 18:57:54
Rennes,ciel dégagé,285.65,82,1020,1020,1012,3.09,350,0.0,0.0,0,2025-04-26 04:56:38,2025-04-26 19:12:06
Nantes,pluie modérée,284.93,94,1019,1019,1016,2.57,360,0.0,2.37,100,2025-04-26 04:58:07,2025-04-26 19:09:33
Marseille,couvert,291.34,51,1014,1014,1006,4.02,267,5.81,0.0,94,2025-04-26 04:38:37,2025-04-26 18:33:27
Toulouse,légère pluie,286.03,94,1018,1018,996,4.63,290,0.0,0.85,75,2025-04-26 04:53:53,2025-04-26 18:49:55
Lyon,nuageux,285.94,73,1015,1015,983,2.57,340,0.0,0.0,75,2025-04-26 04:35:47,2025-04-26 18:40:41
Bordeaux,nuageux,287.93,77,1018,1018,1013,5.14,300,0.0,0.0,75,2025-04-26 04:59:22,2025-04-26 19:00:26
Nice,partiellement nuageux,292.53,68,1014,1014,995,4.12,100,0.0,0.0,40,2025-04-26 04:30:26,2025-04-26 18:26:50
Strasbourg,nuageux,286.51,72,1018,1018,1001,4.12,40,0.0,0.0,75,2025-04-26 04:17:45,2025-04-26 18:35:31
Paris,ciel dégagé,288.1,69,1019,1019,1009,4.63,30,0.0,0.0,0,2025-04-26 04:38:42,2025-04-26 18:57:54
Rennes,ciel dégagé,285.65,82,1020,1020,1012,3.09,350,0.0,0.0,0,2025-04-26 04:56:38,2025-04-26 19:12:06
Nantes,pluie modérée,284.93,94,1019,1019,1016,2.57,360,0.0,3.16,100,2025-04-26 04:58:07,2025-04-26 19:09:33
Marseille,couvert,291.39,53,1014,1014,1006,2.68,277,7.15,0.0,94,2025-04-26 04:38:37,2025-04-26 18:33:27
Toulouse,légère pluie,286.03,94,1018,1018,996,4.63,290,0.0,0.84,75,2025-04-26 04:53:53,2025-04-26 18:49:55
Lyon,nuageux,285.94,73,1015,1015,983,2.57,340,0.0,0.0,75,2025-04-26 04:35:47,2025-04-26 18:40:41
Bordeaux,nuageux,287.93,77,1018,1018,1013,5.14,300,0.0,0.0,75,2025-04-26 04:59:22,2025-04-26 19:00:26
Nice,partiellement nuageux,289.28,91,1003,1003,983,2.06,300,0.0,0.0,40,2025-05-05 04:17:45,2025-05-05 18:37:33
Strasbourg,couvert,279.57,71,1010,1010,995,8.75,40,0.0,0.0,100,2025-05-05 04:02:39,2025-05-05 18:48:39
Paris,ciel dégagé,278.76,73,1016,1016,1006,6.69,30,0.0,0.0,0,2025-05-05 04:23:27,2025-05-05 19:11:11
Rennes,couvert,278.18,76,1018,1018,1011,5.14,20,0.0,0.0,100,2025-05-05 04:41:49,2025-05-05 19:24:57
Nantes,peu nuageux,279.51,71,1017,1017,1013,5.14,20,0.0,0.0,20,2025-05-05 04:43:45,2025-05-05 19:21:57
Marseille,légère pluie,286.83,90,1005,1005,998,5.81,300,6.26,0.26,100,2025-05-05 04:26:06,2025-05-05 18:44:00
Toulouse,couvert,285.87,88,1009,1009,987,5.14,300,0.0,0.0,100,2025-05-05 04:41:14,2025-05-05 19:00:36
Lyon,couvert,280.14,81,1008,1008,976,6.69,320,0.0,0.0,100,2025-05-05 04:22:09,2025-05-05 18:52:21
Bordeaux,ciel dégagé,282.4,76,1012,1012,1007,5.66,20,0.0,0.0,0,2025-05-05 04:46:10,2025-05-05 19:11:40
Nice,nuageux,290.56,86,1002,1002,983,1.54,0,0.0,0.0,75,2025-05-05 04:17:45,2025-05-05 18:37:33
Strasbourg,couvert,279.7,71,1011,1011,995,8.23,40,0.0,0.0,100,2025-05-05 04:02:39,2025-05-05 18:48:39
Paris,ciel dégagé,279.36,68,1016,1016,1006,7.2,20,0.0,0.0,0,2025-05-05 04:23:28,2025-05-05 19:11:14
Rennes,légère pluie,279.43,76,1018,1018,1011,5.14,20,0.0,0.29,75,2025-05-05 04:41:49,2025-05-05 19:24:57
Nantes,peu nuageux,281.99,66,1017,1017,1013,5.14,30,0.0,0.0,20,2025-05-05 04:43:45,2025-05-05 19:21:57
Marseille,légère pluie,286.81,89,1005,1005,998,5.81,302,6.26,0.36,98,2025-05-05 04:26:07,2025-05-05 18:44:00
Toulouse,couvert,285.87,88,1009,1009,987,6.17,320,0.0,0.0,100,2025-05-05 04:41:14,2025-05-05 19:00:36
Lyon,couvert,279.99,81,1008,1008,976,7.2,330,0.0,0.0,100,2025-05-05 04:22:09,2025-05-05 18:52:21
Bordeaux,ciel dégagé,284.34,66,1012,1012,1007,5.66,20,0.0,0.0,0,2025-05-05 04:46:10,2025-05-05 19:11:40
Nice,nuageux,290.56,86,1002,1002,983,1.54,0,0.0,0.0,75,2025-05-05 04:17:45,2025-05-05 18:37:33
Strasbourg,couvert,279.74,71,1011,1011,995,8.23,40,0.0,0.0,100,2025-05-05 04:02:39,2025-05-05 18:48:39
Paris,ciel dégagé,279.89,68,1016,1016,1006,7.2,20,0.0,0.0,0,2025-05-05 04:23:27,2025-05-05 19:11:11
Rennes,légère pluie,279.43,76,1018,1018,1011,5.14,20,0.0,0.15,75,2025-05-05 04:41:49,2025-05-05 19:24:57
Nantes,peu nuageux,281.99,66,1017,1017,1013,5.14,30,0.0,0.0,20,2025-05-05 04:43:45,2025-05-05 19:21:57
Marseille,légère pluie,286.73,86,1005,1005,998,3.13,354,10.73,0.27,98,2025-05-05 04:26:06,2025-05-05 18:44:00
Toulouse,couvert,285.87,88,1009,1009,987,6.17,320,0.0,0.0,100,2025-05-05 04:41:14,2025-05-05 19:00:36
Lyon,couvert,279.83,81,1008,1008,976,7.2,330,0.0,0.0,100,2025-05-05 04:22:09,2025-05-05 18:52:21
Bordeaux,ciel dégagé,284.34,66,1012,1012,1007,5.66,20,0.0,0.0,0,2025-05-05 04:46:10,2025-05-05 19:11:40
Nice,pluie modérée,290.7,85,1002,1002,983,2.06,170,0.0,2.18,75,2025-05-05 04:17:45,2025-05-05 18:37:33
Strasbourg,ciel dégagé,282.89,62,1011,1011,995,8.75,30,0.0,0.0,0,2025-05-05 04:02:39,2025-05-05 18:48:39
Paris,ciel dégagé,282.38,64,1016,1016,1006,7.2,20,0.0,0.0,0,2025-05-05 04:23:27,2025-05-05 19:11:11
Rennes,nuageux,280.34,71,1018,1018,1011,6.17,30,0.0,0.0,75,2025-05-05 04:41:49,2025-05-05 19:24:57
Nantes,ciel dégagé,281.99,66,1017,1017,1014,5.14,30,0.0,0.0,0,2025-05-05 04:43:45,2025-05-05 19:21:57
Marseille,couvert,287.27,83,1005,1005,998,2.68,317,4.02,0.0,98,2025-05-05 04:26:06,2025-05-05 18:44:00
Toulouse,couvert,285.87,88,1009,1009,988,5.66,310,0.0,0.0,100,2025-05-05 04:41:14,2025-05-05 19:00:36
Lyon,couvert,279.69,81,1009,1009,977,7.72,330,0.0,0.0,100,2025-05-05 04:22:09,2025-05-05 18:52:21
Bordeaux,ciel dégagé,285.33,62,1013,1013,1008,5.66,360,0.0,0.0,0,2025-05-05 04:46:10,2025-05-05 19:11:40
Nice,averses de pluie,290.38,90,1002,1002,983,2.06,210,0.0,1.4,75,2025-05-05 04:17:45,2025-05-05 18:37:33
Strasbourg,ciel dégagé,282.89,62,1011,1011,995,8.75,30,0.0,0.0,0,2025-05-05 04:02:39,2025-05-05 18:48:39
Paris,ciel dégagé,282.34,64,1016,1016,1006,7.2,20,0.0,0.0,0,2025-05-05 04:23:26,2025-05-05 19:11:12
Rennes,nuageux,280.88,71,1018,1018,1011,4.63,30,0.0,0.0,75,2025-05-05 04:41:49,2025-05-05 19:24:57
Nantes,peu nuageux,282.99,62,1017,1017,1014,6.17,20,0.0,0.0,20,2025-05-05 04:43:45,2025-05-05 19:21:57
Marseille,couvert,287.22,81,1005,1005,998,4.47,306,8.49,0.0,98,2025-05-05 04:26:06,2025-05-05 18:44:00
Toulouse,nuageux,285.87,88,1009,1009,988,5.66,300,0.0,0.0,75,2025-05-05 04:41:14,2025-05-05 19:00:36
Lyon,couvert,279.99,83,1009,1009,977,6.17,320,0.0,0.0,100,2025-05-05 04:22:09,2025-05-05 18:52:21
Bordeaux,ciel dégagé,285.33,62,1013,1013,1008,5.66,360,0.0,0.0,0,2025-05-05 04:46:10,2025-05-05 19:11:40
Nice,couvert,291.89,92,1002,1002,983,2.18,202,2.48,0,92,2025-05-05 04:17:45,2025-05-05 18:37:33
Strasbourg,ciel dégagé,284.84,54,1011,1011,995,8.75,40,0.0,0,0,2025-05-05 04:02:39,2025-05-05 18:48:39
Paris,peu nuageux,283.65,57,1016,1016,1006,6.69,10,0.0,0,20,2025-05-05 04:23:27,2025-05-05 19:11:11
Rennes,couvert,280.5,66,1019,1019,1011,5.66,30,0.0,0,100,2025-05-05 04:41:49,2025-05-05 19:24:57
Nantes,peu nuageux,283.88,54,1017,1017,1014,6.17,50,11.83,0,20,2025-05-05 04:43:45,2025-05-05 19:21:57
Marseille,couvert,287.78,79,1005,1005,998,2.24,289,5.36,0,99,2025-05-05 04:26:06,2025-05-05 18:44:00
Toulouse,couvert,285.87,88,1009,1009,988,6.69,310,0.0,0,100,2025-05-05 04:41:14,2025-05-05 19:00:36
Lyon,couvert,279.95,83,1009,1009,977,6.69,330,0.0,0,100,2025-05-05 04:22:09,2025-05-05 18:52:21
Bordeaux,ciel dégagé,288.85,65,1013,1013,1008,5.36,9,6.58,0,6,2025-05-05 04:46:10,2025-05-05 19:11:40
Nice,partiellement nuageux,291.36,86,1002,1002,983,1.54,230,0.0,0,40,2025-05-05 04:17:45,2025-05-05 18:37:33
Strasbourg,ciel dégagé,284.9,54,1011,1011,995,8.75,40,0.0,0,0,2025-05-05 04:02:39,2025-05-05 18:48:39
Paris,peu nuageux,283.89,55,1016,1016,1006,7.2,30,0.0,0,20,2025-05-05 04:23:27,2025-05-05 19:11:11
Rennes,couvert,282.92,62,1019,1019,1011,5.66,30,0.0,0,100,2025-05-05 04:41:49,2025-05-05 19:24:57
Nantes,peu nuageux,283.88,54,1017,1017,1014,6.17,50,11.83,0,20,2025-05-05 04:43:45,2025-05-05 19:21:57
Marseille,couvert,287.75,78,1005,1005,998,3.13,306,5.36,0,99,2025-05-05 04:26:06,2025-05-05 18:44:00
Toulouse,couvert,285.87,88,1010,1010,988,5.14,290,0.0,0,100,2025-05-05 04:41:14,2025-05-05 19:00:36
Lyon,couvert,280.12,81,1009,1009,977,6.69,330,0.0,0,100,2025-05-05 04:22:09,2025-05-05 18:52:21
Bordeaux,ciel dégagé,288.83,64,1013,1013,1008,5.36,9,6.58,0,6,2025-05-05 04:46:10,2025-05-05 19:11:40
Nice,partiellement nuageux,291.27,85,1002,1002,983,8.23,210,0.0,0,40,2025-05-05 04:17:45,2025-05-05 18:37:33
Strasbourg,couvert,284.57,60,1012,1012,995,5.47,34,7.24,0,100,2025-05-05 04:02:39,2025-05-05 18:48:39
Paris,peu nuageux,285.68,50,1016,1016,1006,7.2,30,0.0,0,20,2025-05-05 04:23:27,2025-05-05 19:11:11
Rennes,couvert,282.92,62,1018,1018,1011,6.17,30,0.0,0,100,2025-05-05 04:41:49,2025-05-05 19:24:57
Nantes,nuageux,285.82,44,1017,1017,1013,5.66,20,0.0,0,75,2025-05-05 04:43:45,2025-05-05 19:21:57
Marseille,couvert,288.29,74,1005,1005,998,4.02,288,5.81,0,99,2025-05-05 04:26:06,2025-05-05 18:44:00
Toulouse,couvert,286.68,77,1010,1010,988,5.66,290,0.0,0,100,2025-05-05 04:41:14,2025-05-05 19:00:36
Lyon,couvert,282.65,87,1009,1009,977,6.17,320,0.0,0,100,2025-05-05 04:22:09,2025-05-05 18:52:21
Bordeaux,peu nuageux,288.45,55,1013,1013,1008,6.17,350,0.0,0,20,2025-05-05 04:46:10,2025-05-05 19:11:40
Nice,partiellement nuageux,291.85,87,1002,1002,983,8.23,210,0.0,0,40,2025-05-05 04:17:45,2025-05-05 18:37:33
Strasbourg,nuageux,286.88,51,1012,1012,995,7.2,50,0.0,0,75,2025-05-05 04:02:39,2025-05-05 18:48:39
Paris,peu nuageux,285.7,50,1016,1016,1006,7.2,30,0.0,0,20,2025-05-05 04:23:27,2025-05-05 19:11:11
Rennes,couvert,282.92,62,1018,1018,1011,6.17,30,0.0,0,100,2025-05-05 04:41:49,2025-05-05 19:24:57
Nantes,nuageux,285.82,44,1017,1017,1013,5.66,20,0.0,0,75,2025-05-05 04:43:45,2025-05-05 19:21:57
Marseille,couvert,288.25,72,1005,1005,998,6.26,282,8.49,0,99,2025-05-05 04:26:06,2025-05-05 18:44:00
Toulouse,couvert,286.68,77,1010,1010,988,5.66,290,0.0,0,100,2025-05-05 04:41:14,2025-05-05 19:00:36
Lyon,couvert,282.65,87,1010,1010,977,6.17,320,0.0,0,100,2025-05-05 04:22:09,2025-05-05 18:52:21
Bordeaux,peu nuageux,288.45,55,1013,1013,1008,6.17,350,0.0,0,20,2025-05-05 04:46:10,2025-05-05 19:11:40
Nice,nuageux,291.91,82,1002,1002,982,6.69,210,0.0,0,75,2025-05-05 04:17:45,2025-05-05 18:37:33
Strasbourg,nuageux,286.9,47,1011,1011,995,9.26,50,14.92,0,75,2025-05-05 04:02:39,2025-05-05 18:48:39
Paris,ciel dégagé,285.23,49,1015,1015,1006,7.2,20,0.0,0,0,2025-05-05 04:23:26,2025-05-05 19:11:12
Rennes,ciel dégagé,283.82,54,1018,1018,1011,6.17,30,0.0,0,0,2025-05-05 04:41:49,2025-05-05 19:24:57
Nantes,ciel dégagé,285.9,47,1017,1017,1013,5.14,20,0.0,0,0,2025-05-05 04:43:45,2025-05-05 19:21:57
Marseille,couvert,290.94,58,1005,1005,997,6.26,316,11.62,0,100,2025-05-05 04:26:07,2025-05-05 18:44:00
Toulouse,nuageux,289.62,63,1010,1010,988,7.72,300,0.0,0,75,2025-05-05 04:41:14,2025-05-05 19:00:36
Lyon,bruine légère,282.68,87,1010,1010,977,6.17,320,0.0,0,100,2025-05-05 04:22:09,2025-05-05 18:52:21
Bordeaux,nuageux,288.27,48,1014,1014,1009,5.66,10,0.0,0,75,2025-05-05 04:46:10,2025-05-05 19:11:40
Nice,nuageux,291.91,82,1001,1001,982,6.69,210,0.0,0,75,2025-05-05 04:17:45,2025-05-05 18:37:33
Strasbourg,nuageux,286.89,47,1011,1011,995,9.26,50,14.92,0,75,2025-05-05 04:02:39,2025-05-05 18:48:39
Paris,ciel dégagé,285.07,49,1015,1015,1006,6.17,50,0.0,0,0,2025-05-05 04:23:27,2025-05-05 19:11:11
Rennes,nuageux,284.81,50,1018,1018,1011,7.2,360,0.0,0,75,2025-05-05 04:41:49,2025-05-05 19:24:57
Nantes,ciel dégagé,284.88,50,1017,1017,1013,4.63,20,0.0,0,0,2025-05-05 04:43:45,2025-05-05 19:21:57
Marseille,couvert,290.37,59,1004,1004,997,9.83,14,10.73,0,100,2025-05-05 04:26:06,2025-05-05 18:44:00
Toulouse,nuageux,289.62,63,1010,1010,988,7.72,300,0.0,0,75,2025-05-05 04:41:14,2025-05-05 19:00:36
Lyon,bruine légère,282.68,87,1010,1010,977,6.17,320,0.0,0,100,2025-05-05 04:22:09,2025-05-05 18:52:21
Bordeaux,nuageux,288.27,48,1014,1014,1009,5.66,10,0.0,0,75,2025-05-05 04:46:10,2025-05-05 19:11:40
Nice,averses de pluie,291.58,85,1001,1001,982,4.12,220,0.0,3.35,75,2025-05-05 04:17:45,2025-05-05 18:37:33
Strasbourg,nuageux,287.87,44,1011,1011,995,8.75,50,0.0,0.0,75,2025-05-05 04:02:39,2025-05-05 18:48:39
Paris,ciel dégagé,285.88,48,1015,1015,1006,6.69,10,0.0,0.0,0,2025-05-05 04:23:27,2025-05-05 19:11:11
Rennes,couvert,283.92,58,1018,1018,1011,7.72,10,0.0,0.0,100,2025-05-05 04:41:49,2025-05-05 19:24:57
Nantes,ciel dégagé,287.0,47,1017,1017,1013,5.14,40,0.0,0.0,0,2025-05-05 04:43:45,2025-05-05 19:21:57
Marseille,couvert,290.9,56,1004,1004,997,6.26,282,10.73,0.0,100,2025-05-05 04:26:06,2025-05-05 18:44:00
Toulouse,nuageux,289.51,59,1010,1010,989,7.2,290,0.0,0.0,75,2025-05-05 04:41:14,2025-05-05 19:00:36
Lyon,bruine légère,283.33,85,1009,1009,977,5.14,330,0.0,0.0,100,2025-05-05 04:22:09,2025-05-05 18:52:22
Bordeaux,ciel dégagé,289.29,45,1013,1013,1009,6.17,10,0.0,0.0,0,2025-05-05 04:46:10,2025-05-05 19:11:40
Nice,averses de pluie,291.58,85,1001,1001,982,4.12,220,0.0,3.35,75,2025-05-05 04:17:45,2025-05-05 18:37:33
Strasbourg,nuageux,287.87,44,1011,1011,995,8.75,50,0.0,0.0,75,2025-05-05 04:02:39,2025-05-05 18:48:39
Paris,ciel dégagé,285.88,48,1015,1015,1006,6.69,10,0.0,0.0,0,2025-05-05 04:23:27,2025-05-05 19:11:11
Rennes,couvert,283.92,58,1018,1018,1011,7.72,10,0.0,0.0,100,2025-05-05 04:41:49,2025-05-05 19:24:57
Nantes,ciel dégagé,287.0,47,1017,1017,1013,5.14,40,0.0,0.0,0,2025-05-05 04:43:45,2025-05-05 19:21:57
Marseille,couvert,290.9,56,1004,1004,997,6.26,282,10.73,0.0,100,2025-05-05 04:26:06,2025-05-05 18:44:00
Toulouse,nuageux,289.51,59,1010,1010,989,7.2,290,0.0,0.0,75,2025-05-05 04:41:14,2025-05-05 19:00:36
Lyon,bruine légère,283.33,85,1009,1009,977,5.14,330,0.0,0.0,100,2025-05-05 04:22:09,2025-05-05 18:52:22
Bordeaux,ciel dégagé,289.29,45,1013,1013,1009,6.17,10,0.0,0.0,0,2025-05-05 04:46:10,2025-05-05 19:11:40
Nice,pluie modérée,291.61,88,1000,1000,981,2.06,300,0.0,1.15,75,2025-05-05 04:17:45,2025-05-05 18:37:33
Strasbourg,nuageux,286.86,47,1011,1011,995,8.75,40,0.0,0.0,75,2025-05-05 04:02:39,2025-05-05 18:48:39
Paris,ciel dégagé,285.38,45,1016,1016,1006,7.2,20,0.0,0.0,0,2025-05-05 04:23:27,2025-05-05 19:11:11
Rennes,couvert,283.92,58,1018,1018,1010,6.69,360,0.0,0.0,100,2025-05-05 04:41:49,2025-05-05 19:24:57
Nantes,ciel dégagé,287.0,47,1017,1017,1013,4.12,10,0.0,0.0,0,2025-05-05 04:43:45,2025-05-05 19:21:57
Marseille,couvert,291.32,50,1005,1005,997,9.83,40,13.41,0.0,100,2025-05-05 04:26:06,2025-05-05 18:44:00
Toulouse,nuageux,288.2,51,1010,1010,989,8.75,300,0.0,0.0,75,2025-05-05 04:41:14,2025-05-05 19:00:36
Lyon,bruine légère,283.51,86,1009,1009,977,5.14,340,0.0,0.0,100,2025-05-05 04:22:09,2025-05-05 18:52:21
Bordeaux,ciel dégagé,289.21,42,1013,1013,1008,5.66,10,0.0,0.0,0,2025-05-05 04:46:10,2025-05-05 19:11:40
Nice,partiellement nuageux,289.61,85,1006,1006,987,2.57,40,0.0,0,40,2025-05-06 04:16:27,2025-05-06 18:38:44
Strasbourg,ciel dégagé,283.93,62,1015,1015,999,7.72,30,0.0,0,0,2025-05-06 04:01:05,2025-05-06 18:50:05
Paris,ciel dégagé,280.16,68,1019,1019,1009,5.66,10,0.0,0,0,2025-05-06 04:21:52,2025-05-06 19:12:38
Rennes,ciel dégagé,283.16,71,1021,1021,1013,5.14,20,0.0,0,0,2025-05-06 04:40:17,2025-05-06 19:26:21
Nantes,ciel dégagé,282.26,76,1020,1020,1017,3.6,30,0.0,0,0,2025-05-06 04:42:16,2025-05-06 19:23:18
Marseille,partiellement nuageux,285.69,68,1008,1008,1002,4.47,284,5.36,0,26,2025-05-06 04:24:50,2025-05-06 18:45:09
Toulouse,ciel dégagé,283.36,76,1015,1015,993,5.66,280,0.0,0,0,2025-05-06 04:39:56,2025-05-06 19:01:46
Lyon,couvert,282.98,74,1012,1012,980,5.14,350,0.0,0,100,2025-05-06 04:20:45,2025-05-06 18:53:37
Bordeaux,couvert,282.53,81,1017,1017,1012,4.63,10,0.0,0,100,2025-05-06 04:44:49,2025-05-06 19:12:54
Nice,partiellement nuageux,289.61,85,1006,1006,987,2.57,40,0.0,0,40,2025-05-06 04:16:27,2025-05-06 18:38:44
Strasbourg,ciel dégagé,283.93,62,1015,1015,999,7.72,30,0.0,0,0,2025-05-06 04:01:05,2025-05-06 18:50:05
Paris,ciel dégagé,280.16,68,1019,1019,1009,5.66,10,0.0,0,0,2025-05-06 04:21:52,2025-05-06 19:12:38
Rennes,ciel dégagé,283.16,71,1021,1021,1013,5.14,20,0.0,0,0,2025-05-06 04:40:17,2025-05-06 19:26:21
Nantes,ciel dégagé,282.26,76,1020,1020,1017,3.6,30,0.0,0,0,2025-05-06 04:42:16,2025-05-06 19:23:18
Marseille,partiellement nuageux,285.69,68,1008,1008,1002,4.47,284,5.36,0,26,2025-05-06 04:24:50,2025-05-06 18:45:09
Toulouse,ciel dégagé,283.36,76,1015,1015,993,5.66,280,0.0,0,0,2025-05-06 04:39:56,2025-05-06 19:01:46
Lyon,couvert,282.98,74,1012,1012,980,5.14,350,0.0,0,100,2025-05-06 04:20:45,2025-05-06 18:53:37
Bordeaux,couvert,282.53,81,1017,1017,1012,4.63,10,0.0,0,100,2025-05-06 04:44:49,2025-05-06 19:12:54
Nice,partiellement nuageux,290.89,79,1007,1007,988,2.57,120,0.0,0,40,2025-05-06 04:16:27,2025-05-06 18:38:44
Strasbourg,ciel dégagé,286.0,58,1016,1016,999,7.72,40,0.0,0,0,2025-05-06 04:01:05,2025-05-06 18:50:05
Paris,ciel dégagé,283.24,64,1019,1019,1010,5.66,20,0.0,0,0,2025-05-06 04:21:52,2025-05-06 19:12:38
Rennes,ciel dégagé,283.16,71,1021,1021,1014,5.14,40,0.0,0,0,2025-05-06 04:40:17,2025-05-06 19:26:21
Nantes,ciel dégagé,284.19,66,1020,1020,1017,4.63,40,0.0,0,0,2025-05-06 04:42:16,2025-05-06 19:23:18
Marseille,peu nuageux,286.16,62,1009,1009,1002,6.26,271,8.94,0,21,2025-05-06 04:24:49,2025-05-06 18:45:09
Toulouse,nuageux,285.32,67,1015,1015,993,5.66,290,0.0,0,75,2025-05-06 04:39:56,2025-05-06 19:01:46
Lyon,couvert,283.36,74,1012,1012,980,5.66,340,0.0,0,100,2025-05-06 04:20:45,2025-05-06 18:53:37
Bordeaux,couvert,282.53,81,1017,1017,1012,5.14,40,0.0,0,100,2025-05-06 04:44:49,2025-05-06 19:12:54
Nice,partiellement nuageux,290.94,79,1007,1007,988,2.57,120,0.0,0.0,40,2025-05-06 04:16:27,2025-05-06 18:38:44
Strasbourg,ciel dégagé,285.93,58,1016,1016,999,7.72,40,0.0,0.0,0,2025-05-06 04:01:07,2025-05-06 18:50:05
Paris,ciel dégagé,283.47,64,1019,1019,1010,5.66,20,0.0,0.0,0,2025-05-06 04:21:52,2025-05-06 19:12:38
Rennes,ciel dégagé,283.16,71,1021,1021,1014,5.66,20,0.0,0.0,0,2025-05-06 04:40:17,2025-05-06 19:26:21
Nantes,peu nuageux,285.19,62,1020,1020,1017,4.63,40,0.0,0.0,20,2025-05-06 04:42:16,2025-05-06 19:23:18
Marseille,peu nuageux,286.13,61,1009,1009,1002,4.47,277,7.6,0.0,21,2025-05-06 04:24:50,2025-05-06 18:45:09
Toulouse,nuageux,285.32,67,1015,1015,993,5.66,290,0.0,0.0,75,2025-05-06 04:39:56,2025-05-06 19:01:46
Lyon,couvert,283.36,74,1012,1012,980,5.66,340,0.0,0.0,100,2025-05-06 04:20:45,2025-05-06 18:53:37
Bordeaux,légère pluie,282.53,81,1017,1017,1012,5.14,40,0.0,0.23,100,2025-05-06 04:44:49,2025-05-06 19:12:54
Nice,partiellement nuageux,291.2,77,1008,1008,989,1.54,140,0.0,0,40,2025-05-06 04:16:27,2025-05-06 18:38:44
Strasbourg,peu nuageux,286.96,51,1016,1016,999,8.75,30,0.0,0,20,2025-05-06 04:01:05,2025-05-06 18:50:05
Paris,ciel dégagé,285.0,58,1019,1019,1010,6.69,30,0.0,0,0,2025-05-06 04:21:52,2025-05-06 19:12:38
Rennes,ciel dégagé,284.13,66,1021,1021,1014,5.66,40,0.0,0,0,2025-05-06 04:40:17,2025-05-06 19:26:21
Nantes,peu nuageux,286.19,58,1020,1020,1017,4.12,30,0.0,0,20,2025-05-06 04:42:16,2025-05-06 19:23:18
Marseille,peu nuageux,287.21,56,1009,1009,1002,6.71,282,9.39,0,23,2025-05-06 04:24:49,2025-05-06 18:45:09
Toulouse,nuageux,285.32,67,1015,1015,993,6.17,290,0.0,0,75,2025-05-06 04:39:56,2025-05-06 19:01:46
Lyon,couvert,283.63,76,1013,1013,981,5.66,340,0.0,0,100,2025-05-06 04:20:45,2025-05-06 18:53:37
Bordeaux,légère pluie,283.5,76,1017,1017,1012,4.63,30,0.0,1,100,2025-05-06 04:44:49,2025-05-06 19:12:54
Nice,partiellement nuageux,291.2,77,1008,1008,989,1.54,140,0.0,0,40,2025-05-06 04:16:27,2025-05-06 18:38:44
Strasbourg,peu nuageux,286.97,51,1015,1015,999,8.75,30,0.0,0,20,2025-05-06 04:01:05,2025-05-06 18:50:05
Paris,ciel dégagé,285.0,58,1019,1019,1010,6.69,30,0.0,0,0,2025-05-06 04:21:52,2025-05-06 19:12:38
Rennes,ciel dégagé,285.12,62,1021,1021,1014,6.17,20,0.0,0,0,2025-05-06 04:40:17,2025-05-06 19:26:21
Nantes,nuageux,286.29,62,1020,1020,1017,5.14,30,0.0,0,75,2025-05-06 04:42:16,2025-05-06 19:23:18
Marseille,peu nuageux,287.25,57,1009,1009,1002,4.02,281,8.94,0,23,2025-05-06 04:24:49,2025-05-06 18:45:09
Toulouse,couvert,285.32,67,1015,1015,993,6.17,290,0.0,0,100,2025-05-06 04:39:56,2025-05-06 19:01:46
Lyon,couvert,283.49,76,1013,1013,981,5.66,340,0.0,0,100,2025-05-06 04:20:45,2025-05-06 18:53:37
Bordeaux,légère pluie,283.5,76,1017,1017,1012,4.63,30,0.0,1,100,2025-05-06 04:44:49,2025-05-06 19:12:54
Nice,partiellement nuageux,291.66,72,1008,1008,989,2.06,140,0.0,0,40,2025-05-06 04:16:27,2025-05-06 18:38:44
Strasbourg,ciel dégagé,286.77,41,1015,1015,999,9.26,50,0.0,0,0,2025-05-06 04:01:05,2025-05-06 18:50:05
Paris,peu nuageux,286.64,53,1019,1019,1009,7.72,40,0.0,0,20,2025-05-06 04:21:52,2025-05-06 19:12:38
Rennes,couvert,287.14,55,1021,1021,1013,5.66,20,0.0,0,100,2025-05-06 04:40:17,2025-05-06 19:26:21
Nantes,nuageux,287.21,55,1020,1020,1016,4.12,30,0.0,0,75,2025-05-06 04:42:17,2025-05-06 19:23:20
Marseille,peu nuageux,287.8,55,1010,1010,1003,6.71,272,8.94,0,24,2025-05-06 04:24:50,2025-05-06 18:45:09
Toulouse,nuageux,286.29,62,1014,1014,993,6.17,300,0.0,0,75,2025-05-06 04:39:56,2025-05-06 19:01:46
Lyon,couvert,284.54,74,1013,1013,981,5.14,340,0.0,0,100,2025-05-06 04:20:45,2025-05-06 18:53:37
Bordeaux,partiellement nuageux,284.47,71,1017,1017,1012,3.09,350,0.0,0,40,2025-05-06 04:44:49,2025-05-06 19:12:54
Nice,partiellement nuageux,291.66,72,1008,1008,989,2.06,140,0.0,0,40,2025-05-06 04:16:27,2025-05-06 18:38:44
Strasbourg,ciel dégagé,286.77,41,1015,1015,999,9.26,50,0.0,0,0,2025-05-06 04:01:05,2025-05-06 18:50:05
Paris,peu nuageux,287.02,52,1019,1019,1009,7.72,40,0.0,0,20,2025-05-06 04:21:52,2025-05-06 19:12:38
Rennes,couvert,287.14,55,1021,1021,1013,5.66,20,0.0,0,100,2025-05-06 04:40:17,2025-05-06 19:26:21
Nantes,nuageux,286.08,54,1020,1020,1016,4.12,30,0.0,0,75,2025-05-06 04:42:16,2025-05-06 19:23:18
Marseille,peu nuageux,287.8,55,1010,1010,1003,8.05,270,8.94,0,24,2025-05-06 04:24:49,2025-05-06 18:45:09
Toulouse,nuageux,286.29,62,1014,1014,993,6.17,300,0.0,0,75,2025-05-06 04:39:56,2025-05-06 19:01:46
Lyon,couvert,284.52,74,1013,1013,981,5.14,340,0.0,0,100,2025-05-06 04:20:45,2025-05-06 18:53:37
Bordeaux,partiellement nuageux,284.47,71,1017,1017,1012,3.09,350,0.0,0,40,2025-05-06 04:44:49,2025-05-06 19:12:54
Nice,partiellement nuageux,292.09,75,1008,1008,989,3.09,130,0.0,0.0,40,2025-05-06 04:16:27,2025-05-06 18:38:44
Strasbourg,couvert,286.77,41,1015,1015,999,8.75,30,0.0,0.0,100,2025-05-06 04:01:05,2025-05-06 18:50:05
Paris,ciel dégagé,287.29,46,1019,1019,1009,7.2,10,0.0,0.0,0,2025-05-06 04:21:52,2025-05-06 19:12:38
Rennes,ciel dégagé,286.85,44,1020,1020,1013,6.17,30,0.0,0.0,0,2025-05-06 04:40:17,2025-05-06 19:26:21
Nantes,ciel dégagé,288.02,44,1019,1019,1016,4.63,50,0.0,0.0,0,2025-05-06 04:42:16,2025-05-06 19:23:18
Marseille,couvert,288.45,56,1010,1010,1002,2.24,293,7.15,0.0,100,2025-05-06 04:24:49,2025-05-06 18:45:09
Toulouse,légère pluie,286.29,62,1014,1014,992,6.17,320,0.0,0.4,75,2025-05-06 04:39:56,2025-05-06 19:01:46
Lyon,couvert,285.41,67,1013,1013,981,5.66,350,0.0,0.0,100,2025-05-06 04:20:45,2025-05-06 18:53:37
Bordeaux,nuageux,289.55,55,1016,1016,1011,5.66,360,0.0,0.0,75,2025-05-06 04:44:49,2025-05-06 19:12:54
Nice,partiellement nuageux,291.69,75,1008,1008,989,3.09,130,0.0,0.0,40,2025-05-06 04:16:27,2025-05-06 18:38:44
Strasbourg,couvert,286.77,41,1015,1015,999,8.75,30,0.0,0.0,100,2025-05-06 04:01:05,2025-05-06 18:50:05
Paris,ciel dégagé,287.29,46,1019,1019,1009,7.2,10,0.0,0.0,0,2025-05-06 04:21:52,2025-05-06 19:12:39
Rennes,ciel dégagé,286.85,44,1020,1020,1013,6.17,30,0.0,0.0,0,2025-05-06 04:40:17,2025-05-06 19:26:21
Nantes,ciel dégagé,288.02,44,1019,1019,1016,4.63,50,0.0,0.0,0,2025-05-06 04:42:16,2025-05-06 19:23:18
Marseille,couvert,288.45,56,1010,1010,1002,2.24,293,7.15,0.0,100,2025-05-06 04:24:49,2025-05-06 18:45:09
Toulouse,légère pluie,286.29,62,1014,1014,992,6.17,320,0.0,0.39,75,2025-05-06 04:39:56,2025-05-06 19:01:46
Lyon,couvert,285.39,67,1013,1013,981,5.66,350,0.0,0.0,100,2025-05-06 04:20:45,2025-05-06 18:53:37
Bordeaux,nuageux,289.55,55,1016,1016,1011,5.66,360,0.0,0.0,75,2025-05-06 04:44:49,2025-05-06 19:12:54
Nice,partiellement nuageux,291.18,79,1008,1008,989,3.6,120,0.0,0.0,40,2025-05-06 04:16:27,2025-05-06 18:38:44
Strasbourg,couvert,286.79,41,1015,1015,999,6.69,40,0.0,0.0,100,2025-05-06 04:01:05,2025-05-06 18:50:05
Paris,ciel dégagé,287.44,45,1019,1019,1009,7.72,40,0.0,0.0,0,2025-05-06 04:21:52,2025-05-06 19:12:38
Rennes,ciel dégagé,286.78,41,1020,1020,1013,6.69,30,0.0,0.0,0,2025-05-06 04:40:17,2025-05-06 19:26:21
Nantes,ciel dégagé,289.22,48,1019,1019,1016,4.12,30,0.0,0.0,0,2025-05-06 04:42:16,2025-05-06 19:23:18
Marseille,nuageux,288.96,53,1009,1009,1002,3.58,284,8.05,0.0,57,2025-05-06 04:24:49,2025-05-06 18:45:09
Toulouse,légère pluie,286.29,62,1014,1014,992,5.66,320,0.0,0.37,100,2025-05-06 04:39:56,2025-05-06 19:01:46
Lyon,couvert,285.45,67,1012,1012,980,5.66,340,0.0,0.0,100,2025-05-06 04:20:45,2025-05-06 18:53:37
Bordeaux,partiellement nuageux,290.39,45,1015,1015,1010,4.63,30,0.0,0.0,40,2025-05-06 04:44:49,2025-05-06 19:12:54
Nice,partiellement nuageux,291.63,76,1008,1008,989,3.6,100,0.0,0.0,40,2025-05-06 04:16:27,2025-05-06 18:38:44
Strasbourg,couvert,286.79,41,1015,1015,999,6.69,40,0.0,0.0,100,2025-05-06 04:01:05,2025-05-06 18:50:05
Paris,ciel dégagé,287.44,45,1019,1019,1009,7.72,40,0.0,0.0,0,2025-05-06 04:21:52,2025-05-06 19:12:38
Rennes,ciel dégagé,286.85,44,1020,1020,1013,6.69,30,0.0,0.0,0,2025-05-06 04:40:17,2025-05-06 19:26:21
Nantes,ciel dégagé,288.02,44,1019,1019,1016,5.14,40,0.0,0.0,0,2025-05-06 04:42:17,2025-05-06 19:23:19
Marseille,nuageux,289.0,54,1009,1009,1002,4.02,5,8.49,0.0,57,2025-05-06 04:24:49,2025-05-06 18:45:09
Toulouse,légère pluie,286.29,62,1014,1014,992,5.66,320,0.0,0.37,100,2025-05-06 04:39:56,2025-05-06 19:01:46
Lyon,couvert,285.76,65,1013,1013,980,5.66,340,0.0,0.0,100,2025-05-06 04:20:45,2025-05-06 18:53:37
Bordeaux,partiellement nuageux,290.39,45,1015,1015,1010,4.63,30,0.0,0.0,40,2025-05-06 04:44:49,2025-05-06 19:12:54
Nice,partiellement nuageux,291.1,79,1008,1008,989,4.12,90,0.0,0.0,40,2025-05-06 04:16:27,2025-05-06 18:38:44
Strasbourg,ciel dégagé,286.77,41,1015,1015,998,5.14,70,0.0,0.0,0,2025-05-06 04:01:05,2025-05-06 18:50:05
Paris,ciel dégagé,287.78,45,1018,1018,1009,6.69,10,0.0,0.0,0,2025-05-06 04:21:52,2025-05-06 19:12:38
Rennes,ciel dégagé,287.95,44,1020,1020,1013,6.17,20,0.0,0.0,0,2025-05-06 04:40:17,2025-05-06 19:26:21
Nantes,ciel dégagé,288.02,44,1019,1019,1016,4.63,30,0.0,0.0,0,2025-05-06 04:42:16,2025-05-06 19:23:18
Marseille,partiellement nuageux,289.5,50,1010,1010,1002,4.47,329,10.73,0.0,36,2025-05-06 04:24:49,2025-05-06 18:45:09
Toulouse,légère pluie,285.32,67,1014,1014,993,5.66,320,0.0,0.49,0,2025-05-06 04:39:56,2025-05-06 19:01:46
Lyon,couvert,285.4,67,1012,1012,980,5.66,350,0.0,0.0,100,2025-05-06 04:20:45,2025-05-06 18:53:37
Bordeaux,légère pluie,290.31,42,1015,1015,1010,4.63,30,0.0,0.22,20,2025-05-06 04:44:49,2025-05-06 19:12:54
Nice,partiellement nuageux,291.1,79,1008,1008,989,4.12,90,0.0,0.0,40,2025-05-06 04:16:27,2025-05-06 18:38:44
Strasbourg,ciel dégagé,286.77,41,1015,1015,998,5.14,70,0.0,0.0,0,2025-05-06 04:01:05,2025-05-06 18:50:05
Paris,ciel dégagé,287.78,44,1018,1018,1009,6.69,10,0.0,0.0,0,2025-05-06 04:21:52,2025-05-06 19:12:41
Rennes,ciel dégagé,288.06,48,1020,1020,1013,6.69,10,0.0,0.0,0,2025-05-06 04:40:17,2025-05-06 19:26:21
Nantes,ciel dégagé,288.02,44,1019,1019,1016,4.63,30,0.0,0.0,0,2025-05-06 04:42:16,2025-05-06 19:23:18
Marseille,partiellement nuageux,289.49,51,1009,1009,999,4.47,329,10.73,0.0,38,2025-05-06 04:24:49,2025-05-06 18:45:08
Toulouse,légère pluie,286.19,58,1014,1014,993,5.14,290,0.0,0.73,99,2025-05-06 04:39:56,2025-05-06 19:01:46
Lyon,couvert,285.4,67,1012,1012,980,6.17,350,0.0,0.0,100,2025-05-06 04:20:45,2025-05-06 18:53:37
Bordeaux,légère pluie,290.23,39,1015,1015,1010,5.66,30,0.0,0.47,71,2025-05-06 04:44:49,2025-05-06 19:12:54
Nice,partiellement nuageux,291.76,78,1008,1008,989,4.63,90,0.0,0.0,40,2025-05-06 04:16:27,2025-05-06 18:38:44
Strasbourg,ciel dégagé,286.75,41,1015,1015,999,5.66,50,0.0,0.0,0,2025-05-06 04:01:05,2025-05-06 18:50:05
Paris,ciel dégagé,287.51,45,1018,1018,1009,7.2,20,0.0,0.0,0,2025-05-06 04:21:52,2025-05-06 19:12:38
Rennes,ciel dégagé,287.88,41,1020,1020,1013,6.17,20,0.0,0.0,0,2025-05-06 04:40:17,2025-05-06 19:26:21
Nantes,ciel dégagé,289.15,45,1019,1019,1016,5.14,30,0.0,0.0,0,2025-05-06 04:42:16,2025-05-06 19:23:18
Marseille,partiellement nuageux,289.47,49,1010,1010,1003,4.02,296,10.28,0.0,26,2025-05-06 04:24:49,2025-05-06 18:45:09
Toulouse,légère pluie,285.43,71,1015,1015,993,3.6,280,0.0,0.56,75,2025-05-06 04:39:56,2025-05-06 19:01:46
Lyon,couvert,285.41,67,1012,1012,980,6.17,10,0.0,0.0,100,2025-05-06 04:20:45,2025-05-06 18:53:37
Bordeaux,pluie modérée,288.09,41,1015,1015,1010,5.66,20,0.0,2.51,78,2025-05-06 04:44:49,2025-05-06 19:12:54
Nice,partiellement nuageux,290.81,80,1008,1008,989,4.63,80,0.0,0.0,40,2025-05-06 04:16:27,2025-05-06 18:38:44
Strasbourg,ciel dégagé,286.75,41,1015,1015,999,5.66,50,0.0,0.0,0,2025-05-06 04:01:05,2025-05-06 18:50:05
Paris,ciel dégagé,287.53,45,1018,1018,1009,7.2,20,0.0,0.0,0,2025-05-06 04:21:51,2025-05-06 19:12:39
Rennes,ciel dégagé,286.85,44,1020,1020,1013,4.63,30,0.0,0.0,0,2025-05-06 04:40:17,2025-05-06 19:26:21
Nantes,ciel dégagé,289.15,45,1019,1019,1016,5.14,40,0.0,0.0,0,2025-05-06 04:42:16,2025-05-06 19:23:18
Marseille,partiellement nuageux,289.46,50,1010,1010,999,4.02,296,10.28,0.0,28,2025-05-06 04:24:49,2025-05-06 18:45:08
Toulouse,légère pluie,285.43,71,1015,1015,993,3.6,280,0.0,0.52,75,2025-05-06 04:39:56,2025-05-06 19:01:46
Lyon,couvert,285.41,67,1012,1012,980,6.17,10,0.0,0.0,100,2025-05-06 04:20:45,2025-05-06 18:53:37
Bordeaux,pluie modérée,288.09,41,1015,1015,1010,5.66,20,0.0,2.11,78,2025-05-06 04:44:49,2025-05-06 19:12:54
Nice,partiellement nuageux,289.41,71,1010,1010,991,7.72,210,0.0,0,40,2025-05-07 04:15:10,2025-05-07 18:39:54
Strasbourg,ciel dégagé,290.07,42,1014,1014,997,8.75,30,0.0,0,0,2025-05-07 03:59:33,2025-05-07 18:51:31
Paris,nuageux,286.88,54,1018,1018,1008,5.14,340,0.0,0,75,2025-05-07 04:20:19,2025-05-07 19:14:05
Rennes,couvert,285.26,67,1020,1020,1012,4.63,40,0.0,0,100,2025-05-07 04:38:47,2025-05-07 19:27:45
Nantes,nuageux,288.52,63,1019,1019,1015,4.63,60,0.0,0,75,2025-05-07 04:40:49,2025-05-07 19:24:39
Marseille,nuageux,288.49,58,1012,1012,1005,4.02,289,8.05,0,82,2025-05-07 04:23:34,2025-05-07 18:46:18
Toulouse,ciel dégagé,288.31,55,1015,1015,993,4.12,310,0.0,0,0,2025-05-07 04:38:40,2025-05-07 19:02:56
Lyon,nuageux,284.31,78,1015,1015,983,3.09,340,0.0,0,75,2025-05-07 04:19:22,2025-05-07 18:54:54
Bordeaux,ciel dégagé,289.29,45,1016,1016,1011,2.57,40,0.0,0,0,2025-05-07 04:43:29,2025-05-07 19:14:07
Nice,partiellement nuageux,289.41,71,1010,1010,991,7.72,210,0.0,0,40,2025-05-07 04:15:10,2025-05-07 18:39:54
Strasbourg,ciel dégagé,290.07,42,1014,1014,997,8.75,30,0.0,0,0,2025-05-07 03:59:33,2025-05-07 18:51:31
Paris,nuageux,286.86,53,1018,1018,1008,5.14,340,0.0,0,75,2025-05-07 04:20:19,2025-05-07 19:14:05
Rennes,couvert,285.26,67,1020,1020,1012,4.63,30,0.0,0,100,2025-05-07 04:38:47,2025-05-07 19:27:45
Nantes,couvert,288.41,59,1019,1019,1015,3.6,50,0.0,0,100,2025-05-07 04:40:49,2025-05-07 19:24:39
Marseille,nuageux,288.46,57,1012,1012,1005,0.89,357,8.94,0,82,2025-05-07 04:23:34,2025-05-07 18:46:18
Toulouse,ciel dégagé,288.31,55,1015,1015,993,4.12,310,0.0,0,0,2025-05-07 04:38:40,2025-05-07 19:02:56
Lyon,nuageux,284.38,78,1015,1015,983,3.09,340,0.0,0,75,2025-05-07 04:19:22,2025-05-07 18:54:54
Bordeaux,ciel dégagé,289.29,45,1016,1016,1011,2.57,40,0.0,0,0,2025-05-07 04:43:29,2025-05-07 19:14:07
Nice,partiellement nuageux,291.72,66,1017,1017,998,3.6,320,0.0,0.0,40,2025-05-19 04:01:53,2025-05-19 18:53:20
Strasbourg,ciel dégagé,288.35,59,1018,1018,1002,2.57,10,0.0,0.0,0,2025-05-19 03:43:22,2025-05-19 19:07:51
Paris,ciel dégagé,285.67,68,1017,1017,1008,3.09,40,0.0,0.0,0,2025-05-19 04:03:56,2025-05-19 19:30:38
Rennes,ciel dégagé,286.36,67,1016,1016,1009,2.06,30,0.0,0.0,0,2025-05-19 04:22:56,2025-05-19 19:43:45
Nantes,ciel dégagé,288.52,63,1014,1014,1011,4.63,50,0.0,0.0,0,2025-05-19 04:25:32,2025-05-19 19:40:06
Marseille,couvert,293.93,55,1016,1016,1009,2.24,161,4.02,0.0,94,2025-05-19 04:10:29,2025-05-19 18:59:32
Toulouse,légère pluie,291.21,82,1014,1014,992,7.72,140,0.0,0.52,0,2025-05-19 04:25:26,2025-05-19 19:16:19
Lyon,ciel dégagé,291.53,69,1015,1015,983,5.14,120,0.0,0.0,0,2025-05-19 04:04:58,2025-05-19 19:09:27
Bordeaux,pluie modérée,289.47,94,1012,1012,1008,4.63,90,0.0,2.37,100,2025-05-19 04:29:36,2025-05-19 19:28:10
Nice,partiellement nuageux,292.41,65,1017,1017,998,3.09,330,0.0,0.0,40,2025-05-19 04:01:53,2025-05-19 18:53:20
Strasbourg,ciel dégagé,288.36,59,1018,1018,1002,2.57,10,0.0,0.0,0,2025-05-19 03:43:22,2025-05-19 19:07:51
Paris,ciel dégagé,286.22,67,1017,1017,1008,3.09,40,0.0,0.0,0,2025-05-19 04:03:57,2025-05-19 19:30:37
Rennes,ciel dégagé,287.46,67,1016,1016,1009,2.06,70,0.0,0.0,0,2025-05-19 04:22:56,2025-05-19 19:43:45
Nantes,ciel dégagé,288.52,63,1014,1014,1011,4.63,50,0.0,0.0,0,2025-05-19 04:25:32,2025-05-19 19:40:06
Marseille,couvert,294.52,55,1016,1016,1009,2.24,146,5.81,0.0,94,2025-05-19 04:10:29,2025-05-19 18:59:32
Toulouse,légère pluie,292.18,77,1014,1014,992,5.14,170,0.0,0.26,0,2025-05-19 04:25:26,2025-05-19 19:16:19
Lyon,ciel dégagé,291.81,65,1015,1015,983,4.63,160,0.0,0.0,0,2025-05-19 04:04:58,2025-05-19 19:09:27
Bordeaux,légère pluie,290.41,88,1013,1013,1008,2.57,290,0.0,0.19,100,2025-05-19 04:29:36,2025-05-19 19:28:10
Nice,couvert,295.5,69,1017,1017,998,2.21,113,1.22,0,86,2025-05-19 04:01:53,2025-05-19 18:53:20
Strasbourg,ciel dégagé,290.46,55,1018,1018,1001,2.06,30,0.0,0,0,2025-05-19 03:43:22,2025-05-19 19:07:51
Paris,ciel dégagé,288.32,60,1017,1017,1008,4.63,40,0.0,0,0,2025-05-19 04:03:57,2025-05-19 19:30:37
Rennes,ciel dégagé,288.45,63,1016,1016,1008,2.06,60,0.0,0,0,2025-05-19 04:22:56,2025-05-19 19:43:45
Nantes,ciel dégagé,289.62,63,1014,1014,1011,4.63,60,0.0,0,0,2025-05-19 04:25:32,2025-05-19 19:40:06
Marseille,nuageux,296.1,45,1017,1017,1009,1.34,220,4.47,0,75,2025-05-19 04:10:29,2025-05-19 18:59:32
Toulouse,peu nuageux,293.18,73,1014,1014,992,5.14,150,0.0,0,20,2025-05-19 04:25:26,2025-05-19 19:16:19
Lyon,ciel dégagé,292.82,59,1015,1015,983,5.14,150,0.0,0,0,2025-05-19 04:04:58,2025-05-19 19:09:27
Bordeaux,nuageux,291.51,88,1013,1013,1008,7.2,130,0.0,0,75,2025-05-19 04:29:36,2025-05-19 19:28:10
Nice,couvert,295.48,68,1017,1017,998,2.21,113,1.22,0,86,2025-05-19 04:01:53,2025-05-19 18:53:20
Strasbourg,ciel dégagé,290.46,55,1018,1018,1001,2.06,30,0.0,0,0,2025-05-19 03:43:22,2025-05-19 19:07:51
Paris,ciel dégagé,288.3,60,1017,1017,1008,4.63,40,0.0,0,0,2025-05-19 04:03:56,2025-05-19 19:30:38
Rennes,ciel dégagé,289.55,63,1016,1016,1008,2.57,60,0.0,0,0,2025-05-19 04:22:56,2025-05-19 19:43:45
Nantes,ciel dégagé,289.51,59,1014,1014,1011,4.63,50,0.0,0,0,2025-05-19 04:25:32,2025-05-19 19:40:06
Marseille,nuageux,296.08,44,1017,1017,1009,0.89,208,4.02,0,75,2025-05-19 04:10:29,2025-05-19 18:59:32
Toulouse,peu nuageux,293.18,73,1014,1014,992,5.14,150,0.0,0,20,2025-05-19 04:25:26,2025-05-19 19:16:19
Lyon,ciel dégagé,292.87,59,1015,1015,983,5.14,150,0.0,0,0,2025-05-19 04:04:58,2025-05-19 19:09:27
Bordeaux,nuageux,291.51,88,1013,1013,1008,7.2,130,0.0,0,75,2025-05-19 04:29:36,2025-05-19 19:28:10
Nice,nuageux,295.49,62,1018,1018,998,3.6,170,0.0,0,75,2025-05-19 04:01:53,2025-05-19 18:53:20
Strasbourg,ciel dégagé,292.42,45,1017,1017,1001,3.09,30,0.0,0,0,2025-05-19 03:43:22,2025-05-19 19:07:51
Paris,ciel dégagé,289.83,54,1017,1017,1008,5.14,60,0.0,0,0,2025-05-19 04:03:57,2025-05-19 19:30:37
Rennes,ciel dégagé,290.55,59,1016,1016,1009,2.57,70,0.0,0,0,2025-05-19 04:22:56,2025-05-19 19:43:45
Nantes,ciel dégagé,290.51,55,1014,1014,1011,4.63,50,0.0,0,0,2025-05-19 04:25:32,2025-05-19 19:40:06
Marseille,nuageux,297.59,32,1017,1017,1010,3.58,222,6.26,0,69,2025-05-19 04:10:29,2025-05-19 18:59:32
Toulouse,nuageux,294.15,68,1014,1014,993,2.06,180,0.0,0,75,2025-05-19 04:25:26,2025-05-19 19:16:19
Lyon,ciel dégagé,292.86,60,1015,1015,983,5.66,150,0.0,0,0,2025-05-19 04:04:58,2025-05-19 19:09:27
Bordeaux,ciel dégagé,292.33,77,1013,1013,1008,3.09,160,0.0,0,0,2025-05-19 04:29:36,2025-05-19 19:28:10
Nice,nuageux,295.54,64,1018,1018,998,3.09,160,0.0,0,75,2025-05-19 04:01:53,2025-05-19 18:53:20
Strasbourg,ciel dégagé,292.42,45,1017,1017,1001,3.09,30,0.0,0,0,2025-05-19 03:43:22,2025-05-19 19:07:51
Paris,ciel dégagé,289.83,54,1017,1017,1008,5.14,60,0.0,0,0,2025-05-19 04:03:57,2025-05-19 19:30:37
Rennes,ciel dégagé,291.54,55,1016,1016,1009,3.6,90,0.0,0,0,2025-05-19 04:22:56,2025-05-19 19:43:45
Nantes,ciel dégagé,292.63,52,1014,1014,1011,5.14,70,0.0,0,0,2025-05-19 04:25:32,2025-05-19 19:40:06
Marseille,nuageux,297.64,34,1017,1017,1010,2.24,237,5.36,0,69,2025-05-19 04:10:29,2025-05-19 18:59:32
Toulouse,nuageux,294.15,68,1014,1014,993,2.06,180,0.0,0,75,2025-05-19 04:25:26,2025-05-19 19:16:19
Lyon,ciel dégagé,293.07,60,1015,1015,983,5.66,150,0.0,0,0,2025-05-19 04:04:58,2025-05-19 19:09:27
Bordeaux,ciel dégagé,292.33,77,1013,1013,1008,3.09,160,0.0,0,0,2025-05-19 04:29:36,2025-05-19 19:28:10
Nice,nuageux,294.64,73,1018,1018,998,3.6,160,0.0,0.0,75,2025-05-19 04:01:53,2025-05-19 18:53:20
Strasbourg,ciel dégagé,293.46,43,1017,1017,1000,4.12,40,0.0,0.0,0,2025-05-19 03:43:22,2025-05-19 19:07:51
Paris,ciel dégagé,291.62,50,1017,1017,1007,4.12,60,0.0,0.0,0,2025-05-19 04:03:57,2025-05-19 19:30:37
Rennes,peu nuageux,292.56,52,1016,1016,1008,3.6,70,0.0,0.0,20,2025-05-19 04:22:56,2025-05-19 19:43:45
Nantes,ciel dégagé,292.55,49,1014,1014,1011,4.12,40,0.0,0.0,0,2025-05-19 04:25:32,2025-05-19 19:40:06
Marseille,nuageux,299.68,36,1017,1017,1009,6.93,142,8.08,0.0,69,2025-05-19 04:10:29,2025-05-19 18:59:32
Toulouse,partiellement nuageux,295.04,60,1014,1014,992,2.06,130,0.0,0.0,40,2025-05-19 04:25:26,2025-05-19 19:16:19
Lyon,ciel dégagé,293.36,57,1014,1014,983,6.17,160,0.0,0.0,0,2025-05-19 04:04:58,2025-05-19 19:09:27
Bordeaux,légère pluie,293.32,73,1013,1013,1008,1.54,0,0.0,0.22,100,2025-05-19 04:29:36,2025-05-19 19:28:10
Nice,couvert,297.05,70,1018,1018,998,2.48,126,1.18,0.0,90,2025-05-19 04:01:53,2025-05-19 18:53:20
Strasbourg,ciel dégagé,293.51,43,1017,1017,1000,4.12,40,0.0,0.0,0,2025-05-19 03:43:22,2025-05-19 19:07:51
Paris,ciel dégagé,291.33,51,1017,1017,1007,4.12,60,0.0,0.0,0,2025-05-19 04:03:57,2025-05-19 19:30:37
Rennes,peu nuageux,293.58,49,1016,1016,1008,3.09,70,0.0,0.0,20,2025-05-19 04:22:56,2025-05-19 19:43:45
Nantes,ciel dégagé,292.73,56,1014,1014,1011,6.04,69,7.15,0.0,0,2025-05-19 04:25:32,2025-05-19 19:40:06
Marseille,nuageux,297.57,31,1017,1017,1009,1.34,146,4.47,0.0,69,2025-05-19 04:10:29,2025-05-19 18:59:32
Toulouse,partiellement nuageux,295.04,60,1014,1014,992,2.06,130,0.0,0.0,40,2025-05-19 04:25:26,2025-05-19 19:16:19
Lyon,nuageux,294.16,52,1014,1014,983,5.66,160,0.0,0.0,75,2025-05-19 04:04:58,2025-05-19 19:09:27
Bordeaux,légère pluie,293.32,73,1013,1013,1008,1.54,0,0.0,0.32,100,2025-05-19 04:29:36,2025-05-19 19:28:10
Nice,partiellement nuageux,297.19,70,1017,1017,998,2.46,127,1.73,0.0,40,2025-05-19 04:01:53,2025-05-19 18:53:20
Strasbourg,couvert,297.17,40,1016,1016,999,3.2,34,2.92,0.0,100,2025-05-19 03:43:22,2025-05-19 19:07:51
Paris,couvert,294.07,42,1016,1016,1006,3.64,80,3.64,0.0,99,2025-05-19 04:03:57,2025-05-19 19:30:37
Rennes,couvert,295.34,43,1015,1015,1008,4.37,56,4.6,0.0,100,2025-05-19 04:22:56,2025-05-19 19:43:45
Nantes,légère pluie,294.16,62,1014,1014,1010,5.12,70,5.64,0.93,100,2025-05-19 04:25:32,2025-05-19 19:40:06
Marseille,couvert,300.53,29,1016,1016,1008,7.81,148,9.41,0.0,100,2025-05-19 04:10:29,2025-05-19 18:59:32
Toulouse,couvert,295.63,47,1013,1013,991,2.09,315,2.38,0.0,100,2025-05-19 04:25:26,2025-05-19 19:16:19
Lyon,couvert,297.66,52,1013,1013,981,6.04,160,7.51,0.0,100,2025-05-19 04:04:58,2025-05-19 19:09:27
Bordeaux,légère pluie,293.68,86,1013,1013,1008,5.53,257,7.07,0.8,89,2025-05-19 04:29:36,2025-05-19 19:28:10
Nice,partiellement nuageux,297.29,71,1017,1017,997,2.68,147,2.68,0.0,29,2025-05-19 04:01:53,2025-05-19 18:53:20
Strasbourg,couvert,297.17,40,1016,1016,999,3.2,34,2.92,0.0,100,2025-05-19 03:43:22,2025-05-19 19:07:51
Paris,couvert,294.07,42,1016,1016,1006,3.64,80,3.64,0.0,99,2025-05-19 04:03:57,2025-05-19 19:30:37
Rennes,couvert,295.34,43,1015,1015,1008,4.37,56,4.6,0.0,100,2025-05-19 04:22:56,2025-05-19 19:43:45
Nantes,légère pluie,294.16,62,1014,1014,1010,5.12,70,5.64,0.93,100,2025-05-19 04:25:32,2025-05-19 19:40:06
Marseille,couvert,300.53,29,1016,1016,1008,7.81,148,9.41,0.0,100,2025-05-19 04:10:29,2025-05-19 18:59:32
Toulouse,couvert,295.63,47,1013,1013,991,2.09,315,2.38,0.0,100,2025-05-19 04:25:26,2025-05-19 19:16:19
Lyon,couvert,297.66,52,1013,1013,981,6.04,160,7.51,0.0,100,2025-05-19 04:04:58,2025-05-19 19:09:27
Bordeaux,légère pluie,293.68,86,1013,1013,1008,5.53,257,7.07,0.8,89,2025-05-19 04:29:36,2025-05-19 19:28:10
Nice,nuageux,297.39,67,1017,1017,997,2.67,153,2.53,0.0,62,2025-05-19 04:01:53,2025-05-19 18:53:20
Strasbourg,couvert,297.48,39,1015,1015,999,3.88,33,3.29,0.0,100,2025-05-19 03:43:22,2025-05-19 19:07:51
Paris,couvert,295.08,40,1016,1016,1006,0.89,39,0.89,0.0,98,2025-05-19 04:03:57,2025-05-19 19:30:37
Rennes,couvert,295.37,44,1015,1015,1007,4.18,50,4.28,0.0,100,2025-05-19 04:22:56,2025-05-19 19:43:45
Nantes,couvert,293.58,63,1014,1014,1010,4.89,64,5.06,0.0,100,2025-05-19 04:25:32,2025-05-19 19:40:06
Marseille,couvert,299.52,32,1016,1016,1008,8.63,145,10.82,0.0,100,2025-05-19 04:10:29,2025-05-19 18:59:32
Toulouse,très forte pluie,294.93,76,1012,1012,991,2.49,306,3.88,21.5,100,2025-05-19 04:25:26,2025-05-19 19:16:19
Lyon,couvert,298.36,51,1012,1012,980,5.58,156,8.13,0.0,100,2025-05-19 04:04:58,2025-05-19 19:09:27
Bordeaux,légère pluie,294.64,67,1012,1012,1007,5.29,263,6.46,0.73,95,2025-05-19 04:29:36,2025-05-19 19:28:10
Nice,nuageux,297.39,67,1017,1017,997,2.67,153,2.53,0.0,62,2025-05-19 04:01:53,2025-05-19 18:53:20
Strasbourg,couvert,297.48,39,1015,1015,999,3.88,33,3.29,0.0,100,2025-05-19 03:43:22,2025-05-19 19:07:51
Paris,couvert,295.08,40,1016,1016,1006,0.89,39,0.89,0.0,98,2025-05-19 04:03:57,2025-05-19 19:30:37
Rennes,couvert,295.37,44,1015,1015,1007,4.18,50,4.28,0.0,100,2025-05-19 04:22:56,2025-05-19 19:43:45
Nantes,couvert,293.58,63,1014,1014,1010,4.89,64,5.06,0.0,100,2025-05-19 04:25:32,2025-05-19 19:40:06
Marseille,couvert,299.52,32,1016,1016,1008,8.63,145,10.82,0.0,100,2025-05-19 04:10:29,2025-05-19 18:59:32
Toulouse,très forte pluie,294.93,76,1012,1012,991,2.49,306,3.88,21.5,100,2025-05-19 04:25:26,2025-05-19 19:16:19
Lyon,couvert,298.36,51,1012,1012,980,5.58,156,8.13,0.0,100,2025-05-19 04:04:58,2025-05-19 19:09:27
Bordeaux,légère pluie,294.64,67,1012,1012,1007,5.29,263,6.46,0.73,95,2025-05-19 04:29:36,2025-05-19 19:28:10
Nice,nuageux,296.56,67,1017,1017,998,2.13,160,2.65,0.0,75,2025-05-19 04:01:53,2025-05-19 18:53:20
Strasbourg,couvert,297.73,41,1015,1015,998,4.51,33,3.66,0.0,100,2025-05-19 03:43:22,2025-05-19 19:07:51
Paris,couvert,295.03,39,1015,1015,1005,0.45,319,0.89,0.0,92,2025-05-19 04:03:57,2025-05-19 19:30:37
Rennes,couvert,295.24,39,1015,1015,1007,4.1,47,4.11,0.0,100,2025-05-19 04:22:56,2025-05-19 19:43:45
Nantes,légère pluie,294.26,66,1013,1013,1010,5.13,53,5.26,0.98,100,2025-05-19 04:25:32,2025-05-19 19:40:06
Marseille,couvert,297.54,31,1015,1015,1007,1.34,130,6.71,0.0,100,2025-05-19 04:10:29,2025-05-19 18:59:32
Toulouse,pluie modérée,293.49,79,1011,1011,990,1.85,317,3.99,3.11,100,2025-05-19 04:25:26,2025-05-19 19:16:19
Lyon,légère pluie,295.98,56,1011,1011,979,5.05,156,9.76,0.17,100,2025-05-19 04:04:58,2025-05-19 19:09:27
Bordeaux,forte pluie,293.94,71,1012,1012,1007,5.6,257,6.91,5.46,98,2025-05-19 04:29:36,2025-05-19 19:28:10
Nice,nuageux,296.56,67,1017,1017,998,2.13,160,2.65,0.0,75,2025-05-19 04:01:53,2025-05-19 18:53:20
Strasbourg,couvert,297.71,40,1015,1015,998,4.51,33,3.66,0.0,100,2025-05-19 03:43:22,2025-05-19 19:07:51
Paris,couvert,296.49,36,1015,1015,1005,0.45,36,0.89,0.0,92,2025-05-19 04:03:57,2025-05-19 19:30:37
Rennes,couvert,295.24,39,1015,1015,1007,4.1,47,4.11,0.0,100,2025-05-19 04:22:56,2025-05-19 19:43:45
Nantes,pluie modérée,293.63,65,1013,1013,1010,5.13,53,5.26,2.2,100,2025-05-19 04:25:32,2025-05-19 19:40:06
Marseille,couvert,297.51,30,1015,1015,1007,2.68,164,9.39,0.0,100,2025-05-19 04:10:29,2025-05-19 18:59:32
Toulouse,pluie modérée,293.24,81,1011,1011,990,1.85,317,3.99,1.42,100,2025-05-19 04:25:26,2025-05-19 19:16:19
Lyon,légère pluie,295.8,56,1011,1011,979,5.05,156,9.76,0.46,100,2025-05-19 04:04:58,2025-05-19 19:09:27
Bordeaux,forte pluie,293.64,68,1012,1012,1007,5.6,257,6.91,12.38,98,2025-05-19 04:29:36,2025-05-19 19:28:10
Nice,légère pluie,292.4,80,1012,1012,993,5.1,60,7.19,0.44,100,2025-05-20 04:00:58,2025-05-20 18:54:23
Strasbourg,légère pluie,287.11,65,1015,1015,999,1.72,356,0.99,0.45,96,2025-05-20 03:42:14,2025-05-20 19:09:07
Paris,ciel dégagé,289.05,58,1017,1017,1007,2.24,33,3.13,0.0,9,2025-05-20 04:02:47,2025-05-20 19:31:54
Rennes,nuageux,287.75,80,1019,1019,1012,3.87,343,4.89,0.0,65,2025-05-20 04:21:49,2025-05-20 19:45:00
Nantes,ciel dégagé,288.11,88,1019,1019,1016,3.16,345,4.37,0.0,8,2025-05-20 04:24:27,2025-05-20 19:41:18
Marseille,pluie modérée,288.59,86,1013,1013,1005,3.13,56,4.92,2.68,100,2025-05-20 04:09:35,2025-05-20 19:00:34
Toulouse,couvert,288.71,92,1018,1018,997,7.69,269,12.59,0.0,100,2025-05-20 04:24:31,2025-05-20 19:17:22
Lyon,couvert,287.88,90,1015,1015,983,1.56,170,2.93,0.0,100,2025-05-20 04:03:57,2025-05-20 19:10:35
Bordeaux,ciel dégagé,290.81,93,1019,1019,1014,4.23,323,7.79,0.0,8,2025-05-20 04:28:38,2025-05-20 19:29:15
Nice,légère pluie,292.85,76,1012,1012,993,5.1,60,7.19,0.64,100,2025-05-20 04:00:58,2025-05-20 18:54:23
Strasbourg,légère pluie,289.25,65,1015,1015,999,1.72,356,0.99,0.78,96,2025-05-20 03:42:14,2025-05-20 19:09:07
Paris,ciel dégagé,291.2,57,1017,1017,1007,2.98,24,5.02,0.0,9,2025-05-20 04:02:47,2025-05-20 19:31:54
Rennes,nuageux,288.31,78,1020,1020,1012,3.87,343,4.89,0.0,65,2025-05-20 04:21:49,2025-05-20 19:45:00
Nantes,ciel dégagé,288.68,86,1019,1019,1016,3.16,345,4.37,0.0,8,2025-05-20 04:24:27,2025-05-20 19:41:18
Marseille,pluie modérée,288.59,86,1013,1013,1005,1.79,22,4.02,3.0,100,2025-05-20 04:09:35,2025-05-20 19:00:34
Toulouse,couvert,288.84,92,1018,1018,997,7.69,269,12.59,0.0,100,2025-05-20 04:24:31,2025-05-20 19:17:22
Lyon,couvert,287.88,90,1015,1015,983,1.56,170,2.93,0.0,100,2025-05-20 04:03:57,2025-05-20 19:10:35
Bordeaux,ciel dégagé,291.37,91,1019,1019,1014,4.23,323,7.79,0.0,8,2025-05-20 04:28:38,2025-05-20 19:29:15
Nice,forte pluie,290.15,93,1013,1013,993,5.63,59,8.12,6.44,100,2025-05-20 04:00:58,2025-05-20 18:54:23
Strasbourg,couvert,290.32,62,1015,1015,999,2.04,340,2.29,0.0,98,2025-05-20 03:42:14,2025-05-20 19:09:07
Paris,ciel dégagé,295.06,43,1017,1017,1008,3.49,25,4.98,0.0,9,2025-05-20 04:02:47,2025-05-20 19:31:54
Rennes,nuageux,290.57,71,1020,1020,1012,2.92,346,2.78,0.0,60,2025-05-20 04:21:49,2025-05-20 19:45:00
Nantes,peu nuageux,291.92,70,1020,1020,1016,3.14,327,3.85,0.0,18,2025-05-20 04:24:27,2025-05-20 19:41:18
Marseille,couvert,290.8,77,1013,1013,1006,7.1,310,7.42,0.0,99,2025-05-20 04:09:35,2025-05-20 19:00:34
Toulouse,couvert,290.57,86,1019,1019,997,7.82,274,11.3,0.0,99,2025-05-20 04:24:31,2025-05-20 19:17:22
Lyon,pluie modérée,288.88,78,1016,1016,983,1.88,120,2.06,1.33,99,2025-05-20 04:03:57,2025-05-20 19:10:35
Bordeaux,légère pluie,294.33,56,1020,1020,1015,5.06,329,6.83,0.38,3,2025-05-20 04:28:38,2025-05-20 19:29:15
Nice,forte pluie,289.89,83,1013,1013,993,5.63,59,8.12,7.18,100,2025-05-20 04:00:58,2025-05-20 18:54:23
Strasbourg,couvert,290.29,61,1015,1015,999,2.04,340,2.29,0.0,98,2025-05-20 03:42:14,2025-05-20 19:09:07
Paris,ciel dégagé,295.06,43,1017,1017,1008,3.49,25,4.98,0.0,9,2025-05-20 04:02:47,2025-05-20 19:31:54
Rennes,nuageux,291.18,71,1020,1020,1012,2.92,346,2.78,0.0,60,2025-05-20 04:21:49,2025-05-20 19:45:00
Nantes,peu nuageux,292.42,66,1020,1020,1016,3.14,327,3.85,0.0,18,2025-05-20 04:24:27,2025-05-20 19:41:18
Marseille,couvert,290.8,77,1013,1013,1006,2.24,5,4.47,0.0,99,2025-05-20 04:09:35,2025-05-20 19:00:34
Toulouse,couvert,290.71,86,1019,1019,997,7.82,274,11.3,0.0,99,2025-05-20 04:24:31,2025-05-20 19:17:22
Lyon,pluie modérée,289.09,79,1015,1015,983,1.88,120,2.06,1.15,99,2025-05-20 04:03:57,2025-05-20 19:10:35
Bordeaux,ciel dégagé,293.04,85,1020,1020,1015,5.06,329,6.83,0.0,3,2025-05-20 04:28:38,2025-05-20 19:29:15
Nice,forte pluie,294.26,100,1013,1013,993,4.38,72,5.67,4.21,100,2025-05-20 04:00:58,2025-05-20 18:54:23
Strasbourg,couvert,291.79,59,1015,1015,999,2.15,344,3.02,0.0,98,2025-05-20 03:42:14,2025-05-20 19:09:07
Paris,ciel dégagé,296.27,35,1017,1017,1007,3.5,30,3.73,0.0,9,2025-05-20 04:02:47,2025-05-20 19:31:54
Rennes,nuageux,293.42,63,1020,1020,1012,2.64,339,1.93,0.0,68,2025-05-20 04:21:49,2025-05-20 19:45:00
Nantes,peu nuageux,293.58,63,1020,1020,1016,3.34,315,3.68,0.0,21,2025-05-20 04:24:27,2025-05-20 19:41:18
Marseille,couvert,292.48,71,1013,1013,1006,2.24,73,4.02,0.0,88,2025-05-20 04:09:35,2025-05-20 19:00:34
Toulouse,couvert,291.48,83,1019,1019,997,7.37,282,10.71,0.0,99,2025-05-20 04:24:31,2025-05-20 19:17:22
Lyon,couvert,290.57,73,1015,1015,983,1.64,84,1.67,0.1,94,2025-05-20 04:03:57,2025-05-20 19:10:35
Bordeaux,ciel dégagé,294.09,78,1020,1020,1015,5.4,328,6.49,0.0,4,2025-05-20 04:28:38,2025-05-20 19:29:15
Nice,forte pluie,294.26,100,1013,1013,993,4.38,72,5.67,6.48,100,2025-05-20 04:00:58,2025-05-20 18:54:23
Strasbourg,couvert,291.65,59,1015,1015,999,2.15,344,3.02,0.0,98,2025-05-20 03:42:14,2025-05-20 19:09:07
Paris,ciel dégagé,294.91,35,1017,1017,1007,4.02,24,5.81,0.0,9,2025-05-20 04:02:47,2025-05-20 19:31:54
Rennes,nuageux,292.88,66,1020,1020,1012,2.64,339,1.93,0.0,68,2025-05-20 04:21:49,2025-05-20 19:45:00
Nantes,peu nuageux,294.69,59,1020,1020,1016,3.34,315,3.68,0.0,21,2025-05-20 04:24:27,2025-05-20 19:41:18
Marseille,couvert,292.45,70,1013,1013,1006,7.69,308,8.65,0.0,88,2025-05-20 04:09:35,2025-05-20 19:00:34
Toulouse,couvert,291.62,83,1019,1019,997,7.37,282,10.71,0.0,99,2025-05-20 04:24:31,2025-05-20 19:17:22
Lyon,couvert,290.75,73,1015,1015,983,1.64,84,1.67,0.1,94,2025-05-20 04:03:57,2025-05-20 19:10:35
Bordeaux,ciel dégagé,294.06,77,1020,1020,1015,5.4,328,6.49,0.0,4,2025-05-20 04:28:38,2025-05-20 19:29:15
Nice,pluie modérée,293.04,100,1012,1012,993,5.28,78,6.92,1.15,100,2025-05-20 04:00:58,2025-05-20 18:54:23
Strasbourg,couvert,292.7,53,1014,1014,998,1.9,345,2.58,0.0,98,2025-05-20 03:42:14,2025-05-20 19:09:07
Paris,ciel dégagé,295.23,34,1017,1017,1007,1.79,7,4.02,0.0,10,2025-05-20 04:02:47,2025-05-20 19:31:54
Rennes,nuageux,294.96,52,1020,1020,1012,2.64,331,2.07,0.0,73,2025-05-20 04:21:49,2025-05-20 19:45:00
Nantes,peu nuageux,296.34,52,1019,1019,1016,3.74,303,3.94,0.0,24,2025-05-20 04:24:27,2025-05-20 19:41:18
Marseille,nuageux,294.53,56,1013,1013,1006,8.05,347,8.05,0.0,82,2025-05-20 04:09:35,2025-05-20 19:00:34
Toulouse,couvert,293.36,78,1019,1019,997,7.68,289,10.59,0.0,95,2025-05-20 04:24:31,2025-05-20 19:17:22
Lyon,couvert,291.64,77,1016,1016,983,1.57,49,1.54,0.0,90,2025-05-20 04:03:57,2025-05-20 19:10:35
Bordeaux,ciel dégagé,295.6,66,1020,1020,1015,5.42,324,6.36,0.0,5,2025-05-20 04:28:38,2025-05-20 19:29:15
Nice,ciel dégagé,293.98,70,1013,1013,994,3.09,200,0.0,0.0,0,2025-05-21 04:00:04,2025-05-21 18:55:25
Strasbourg,nuageux,290.98,77,1014,1014,997,2.57,180,0.0,0.0,75,2025-05-21 03:41:07,2025-05-21 19:10:22
Paris,nuageux,289.49,46,1016,1016,1006,2.57,360,0.0,0.0,75,2025-05-21 04:01:40,2025-05-21 19:33:10
Rennes,pluie très fine,286.9,88,1017,1017,1009,3.09,300,0.0,0.28,100,2025-05-21 04:20:44,2025-05-21 19:46:13
Nantes,légère pluie,287.91,82,1016,1016,1013,3.09,270,0.0,0.83,100,2025-05-21 04:23:25,2025-05-21 19:42:30
Marseille,nuageux,293.85,53,1014,1014,1007,8.71,312,11.69,0.0,71,2025-05-21 04:08:42,2025-05-21 19:01:35
Toulouse,couvert,287.65,72,1020,1020,999,2.57,290,0.0,0.0,100,2025-05-21 04:23:38,2025-05-21 19:18:23
Lyon,ciel dégagé,292.48,56,1016,1016,984,1.54,350,0.0,0.0,0,2025-05-21 04:02:59,2025-05-21 19:11:43
Bordeaux,nuageux,290.13,77,1019,1019,1014,3.6,250,0.0,0.0,75,2025-05-21 04:27:41,2025-05-21 19:30:20
Nice,ciel dégagé,294.15,69,1013,1013,994,3.09,200,0.0,0.0,0,2025-05-21 04:00:04,2025-05-21 18:55:25
Strasbourg,nuageux,290.98,77,1014,1014,997,2.57,180,0.0,0.0,75,2025-05-21 03:41:07,2025-05-21 19:10:22
Paris,nuageux,289.49,46,1016,1016,1006,2.57,360,0.0,0.0,75,2025-05-21 04:01:40,2025-05-21 19:33:10
Rennes,pluie très fine,286.9,88,1017,1017,1009,3.09,300,0.0,0.28,100,2025-05-21 04:20:44,2025-05-21 19:46:13
Nantes,légère pluie,287.91,82,1016,1016,1013,3.09,270,0.0,0.95,100,2025-05-21 04:23:25,2025-05-21 19:42:29
Marseille,nuageux,293.87,53,1014,1014,1007,8.71,312,11.69,0.0,71,2025-05-21 04:08:43,2025-05-21 19:01:35
Toulouse,couvert,287.65,72,1020,1020,999,2.57,290,0.0,0.0,100,2025-05-21 04:23:38,2025-05-21 19:18:23
Lyon,ciel dégagé,292.48,56,1016,1016,984,1.54,350,0.0,0.0,0,2025-05-21 04:02:59,2025-05-21 19:11:43
Bordeaux,nuageux,290.13,77,1019,1019,1014,3.6,250,0.0,0.0,75,2025-05-21 04:27:41,2025-05-21 19:30:20
Nice,peu nuageux,295.14,72,1013,1013,994,2.4,175,1.92,0.0,19,2025-05-21 04:00:04,2025-05-21 18:55:25
Strasbourg,nuageux,292.97,68,1013,1013,997,1.03,0,0.0,0.0,75,2025-05-21 03:41:07,2025-05-21 19:10:22
Paris,ciel dégagé,290.0,38,1016,1016,1007,2.57,20,0.0,0.0,0,2025-05-21 04:01:40,2025-05-21 19:33:10
Rennes,pluie modérée,286.9,88,1017,1017,1009,3.09,330,0.0,2.66,100,2025-05-21 04:20:44,2025-05-21 19:46:13
Nantes,pluie modérée,288.88,77,1016,1016,1013,4.12,280,0.0,1.54,75,2025-05-21 04:23:25,2025-05-21 19:42:29
Marseille,nuageux,295.53,47,1014,1014,1007,5.81,298,9.83,0.0,78,2025-05-21 04:08:42,2025-05-21 19:01:35
Toulouse,couvert,287.78,77,1020,1020,998,2.57,320,0.0,0.0,100,2025-05-21 04:23:38,2025-05-21 19:18:23
Lyon,ciel dégagé,293.45,50,1016,1016,984,2.06,0,0.0,0.0,0,2025-05-21 04:02:59,2025-05-21 19:11:43
Bordeaux,nuageux,290.99,68,1019,1019,1014,5.14,260,0.0,0.0,75,2025-05-21 04:27:41,2025-05-21 19:30:20
Nice,ciel dégagé,294.23,72,1013,1013,994,4.63,190,0.0,0.0,0,2025-05-21 04:00:04,2025-05-21 18:55:25
Strasbourg,nuageux,292.95,68,1013,1013,997,1.03,0,0.0,0.0,75,2025-05-21 03:41:07,2025-05-21 19:10:22
Paris,ciel dégagé,290.0,38,1016,1016,1007,2.57,10,0.0,0.0,0,2025-05-21 04:01:40,2025-05-21 19:33:10
Rennes,pluie modérée,285.8,88,1017,1017,1009,5.14,360,0.0,3.45,100,2025-05-21 04:20:44,2025-05-21 19:46:13
Nantes,pluie modérée,288.75,72,1016,1016,1013,3.6,270,0.0,1.33,75,2025-05-21 04:23:25,2025-05-21 19:42:29
Marseille,nuageux,295.53,47,1014,1014,1007,8.32,307,11.34,0.0,78,2025-05-21 04:08:42,2025-05-21 19:01:35
Toulouse,couvert,287.78,77,1020,1020,998,2.57,320,0.0,0.0,100,2025-05-21 04:23:38,2025-05-21 19:18:23
Lyon,ciel dégagé,293.47,50,1015,1015,984,2.06,0,0.0,0.0,0,2025-05-21 04:02:59,2025-05-21 19:11:43
Bordeaux,nuageux,290.99,68,1019,1019,1014,5.14,260,0.0,0.0,75,2025-05-21 04:27:41,2025-05-21 19:30:20
