Ville,date,Description_Temps,Niveau_Qualite_Air,Temperature_C,Temperature_Ressentie_C,Humidite_pourcentage,Precipitations_1h_mmh,Couverture_Nuageuse_pourcentage,Information_Qualite_Air,Indice_IQA_PM_25,Indice_IQA_PM_10,Indice_IQA_No2,Indice_IQA_So2,Indice_IQA_Ozone,Pression_Atmospherique_hPa,Niveau_Mer_hPa,Pression_Sol_hPa,Vent,Vitesse_Vent_msec,Direction_Vent_DEG,Rafales_Vent_msec,Heure_Lever_Soleil,Heure_Coucher_Soleil
Lille,2025-04-18,ciel dégagé,2,5.0,9.14,65.5,0.0,1,61,61,8,20.6,1.1,15.6,1015,1015,1011,0.4,4.16,162,5.72,04:47:07,18:46:34
Nice,2025-04-18,peu nuageux,1,12.5,12.96,85.75,0.0,20,16,16,10,14.5,,2.4,1012,1012,993,3.0,3.6,330,0.0,04:43:00,18:17:14
Strasbourg,2025-04-18,couvert,1,7.0,4.85,87.0,0.0,100,20,63,11,10.6,,19.9,1016,1016,999,3.0,3.09,250,0.0,04:32:31,18:23:43
Paris,2025-04-18,ciel dégagé,1,10.0,7.92,78.0,0.0,0,45,45,13,33.0,0.6,22.3,1015,1015,1005,8.0,3.09,130,0.0,04:53:36,18:45:57
Rennes,2025-04-18,légère pluie,1,9.0,6.09,93.0,0.52,100,22,15,6,5.9,,21.9,1010,1010,1002,5.6,5.66,140,0.0,05:11:09,19:00:32
Nantes,2025-04-18,couvert,1,10.0,9.39,87.0,0.0,100,28,14,6,3.6,,27.6,1010,1010,1007,4.6,4.63,140,0.0,05:12:12,18:58:24
Marseille,2025-04-18,ciel dégagé,1,7.2,9.59,82.0,0.0,3,22,15,7,9.7,0.3,22.3,1014,1014,1007,3.0,1.34,338,4.92,04:51:01,18:24:00
Toulouse,2025-04-18,ciel dégagé,1,9.0,6.79,81.0,0.0,0,22,22,7,12.6,,7.0,1014,1014,992,4.1,4.12,120,0.0,05:06:24,18:40:21
Lyon,2025-04-18,brume,1,6.5,7.68,92.25,0.0,0,18,18,,13.9,,,1017,1017,984,1.0,1.54,40,0.0,04:49:13,18:30:12
Bordeaux,2025-04-18,ciel dégagé,1,8.5,10.22,76.0,0.0,0,20,34,15,1.0,,19.9,1011,1011,1006,4.1,5.14,130,0.0,05:12:24,18:50:21
Lille,2025-04-18,ciel dégagé,2,5.0,9.15,77.5,0.0,1,61,61,8,20.6,1.1,15.6,1015,1015,1011,0.4,2.57,200,0.0,04:47:07,18:46:34
Nice,2025-04-18,peu nuageux,1,12.5,13.2,84.75,0.0,20,16,16,10,14.5,,2.4,1012,1012,993,3.0,3.6,330,0.0,04:43:00,18:17:14
Strasbourg,2025-04-18,couvert,1,7.0,5.24,87.0,0.0,100,20,63,11,10.6,,19.9,1016,1016,999,3.0,2.57,260,0.0,04:32:31,18:23:43
Paris,2025-04-18,ciel dégagé,1,10.0,9.65,76.0,0.0,0,45,45,13,33.0,0.6,22.3,1015,1015,1005,8.0,3.09,140,0.0,04:53:36,18:45:57
Rennes,2025-04-18,légère pluie,1,9.0,6.09,93.0,0.12,100,22,15,6,5.9,,21.9,1010,1010,1002,5.6,5.66,140,0.0,05:11:09,19:00:32
Nantes,2025-04-18,couvert,1,10.0,9.39,87.0,0.0,100,28,14,6,3.6,,27.6,1010,1010,1007,4.6,4.63,140,0.0,05:12:12,18:58:24
Marseille,2025-04-18,ciel dégagé,1,7.2,10.18,81.5,0.0,3,22,15,7,9.7,0.3,22.3,1014,1014,1007,3.0,3.13,285,5.36,04:51:01,18:24:00
Toulouse,2025-04-18,peu nuageux,1,10.0,9.42,62.25,0.0,20,19,19,7,11.9,,8.9,1014,1014,992,3.6,3.09,120,0.0,05:06:24,18:40:21
Lyon,2025-04-18,brouillard,1,6.5,8.87,90.75,0.0,20,18,18,,13.9,,,1017,1017,984,1.0,1.03,0,0.0,04:49:13,18:30:12
Bordeaux,2025-04-18,ciel dégagé,1,8.5,11.19,73.5,0.0,0,20,34,15,1.0,,19.9,1011,1011,1006,4.1,5.14,140,0.0,05:12:24,18:50:21
Nice,2025-04-18,peu nuageux,1,12.5,14.75,82.75,0.0,20,16,16,10,14.5,,2.4,1012,1012,993,3.0,3.09,330,0.0,04:43:00,18:17:14
Strasbourg,2025-04-18,couvert,1,7.0,6.38,84.0,0.0,100,21,63,11,9.2,,20.9,1016,1016,999,2.8,2.57,260,0.0,04:32:31,18:23:43
Paris,2025-04-18,ciel dégagé,1,10.0,9.9,76.0,0.0,0,45,45,13,33.0,0.6,22.3,1015,1015,1005,8.0,3.09,140,0.0,04:53:36,18:45:57
Rennes,2025-04-18,légère pluie,1,9.0,6.09,93.0,0.14,100,22,15,6,5.9,,21.9,1010,1010,1002,5.6,5.66,140,0.0,05:11:09,19:00:32
Nantes,2025-04-18,couvert,1,10.0,9.39,87.0,0.0,100,28,14,6,3.6,,27.6,1010,1010,1007,4.1,3.6,150,0.0,05:12:12,18:58:24
Marseille,2025-04-18,ciel dégagé,1,7.2,10.72,80.0,0.0,3,22,15,7,9.7,0.3,22.3,1014,1014,1007,3.0,1.79,4,5.36,04:51:01,18:24:00
Toulouse,2025-04-18,peu nuageux,1,10.0,10.21,77.25,0.0,20,18,18,6,11.9,,8.9,1014,1014,992,3.6,3.09,120,0.0,05:06:24,18:40:21
Lyon,2025-04-18,peu nuageux,1,8.5,9.29,87.5,0.0,20,18,18,,15.4,,,1017,1017,984,0.2,1.54,0,0.0,04:49:13,18:30:12
Bordeaux,2025-04-18,ciel dégagé,1,11.5,12.18,65.25,0.0,0,20,34,15,1.0,,20.4,1011,1011,1006,5.1,6.17,140,0.0,05:12:24,18:50:21
Nice,2025-04-18,peu nuageux,1,14.0,15.6,75.5,0,20,15,15,11,10.7,1.1,11.4,1013,1013,994,3.3,1.03,0,0.0,04:43:00,18:17:14
Strasbourg,2025-04-18,couvert,1,8.0,6.04,81.0,0,100,21,63,10,9.2,,20.9,1016,1016,999,2.5,3.09,240,0.0,04:32:31,18:23:43
Paris,2025-04-18,ciel dégagé,2,10.8,11.84,70.0,0,0,61,61,22,36.9,0.6,16.0,1014,1014,1004,10.0,4.12,150,0.0,04:53:36,18:45:57
Rennes,2025-04-18,bruine légère,1,9.0,6.09,93.0,0,100,24,15,6,5.4,,23.8,1010,1010,1002,5.6,5.66,140,0.0,05:11:09,19:00:32
Nantes,2025-04-18,couvert,1,10.0,10.36,84.5,0,100,27,14,6,4.2,,26.6,1010,1010,1006,4.1,4.12,160,0.0,05:12:12,18:58:24
Marseille,2025-04-18,ciel dégagé,1,10.0,11.8,71.5,0,5,25,14,7,6.1,0.4,24.9,1014,1014,1007,2.0,2.68,313,5.36,04:51:01,18:24:00
Toulouse,2025-04-18,ciel dégagé,1,13.0,13.27,66.5,0,0,18,18,6,11.9,,8.9,1013,1013,991,3.6,3.09,120,0.0,05:06:24,18:40:21
Lyon,2025-04-18,peu nuageux,1,8.5,10.06,80.5,0,20,18,18,,15.4,,,1017,1017,984,0.2,1.54,0,0.0,04:49:13,18:30:12
Bordeaux,2025-04-18,ciel dégagé,1,11.5,13.18,63.25,0,0,20,34,15,1.0,,20.4,1011,1011,1006,5.1,6.69,130,0.0,05:12:24,18:50:21
Nice,2025-04-22,ciel dégagé,1,18.0,18.76,73.5,0,0,36,22,9,2.9,1.1,35.6,1014,1014,995,2.0,2.06,170,0.0,04:36:35,18:22:02
Strasbourg,2025-04-22,ciel dégagé,1,18.0,17.22,50.0,0,0,30,63,16,9.4,,30.4,1017,1017,1000,2.0,1.54,50,0.0,04:25:00,18:29:37
Paris,2025-04-22,ciel dégagé,2,17.2,14.37,69.0,0,0,52,52,19,16.6,0.6,27.9,1018,1018,1008,6.0,2.57,300,0.0,04:46:01,18:51:56
Rennes,2025-04-22,nuageux,1,17.0,13.07,58.5,0,75,38,20,9,3.2,,38.2,1019,1019,1011,5.1,4.12,230,0.0,05:03:45,19:06:19
Nantes,2025-04-22,ciel dégagé,1,15.0,14.14,56.0,0,0,39,16,7,1.1,,38.7,1020,1020,1017,6.1,6.17,260,0.0,05:05:01,19:03:59
Marseille,2025-04-22,couvert,1,20.0,17.9,58.0,0,100,32,25,13,7.8,0.2,32.4,1014,1014,1007,3.0,3.58,237,6.26,04:44:42,18:28:44
Toulouse,2025-04-22,couvert,1,14.0,14.27,62.5,0,100,39,16,6,2.3,,38.9,1022,1022,1000,4.1,4.63,310,0.0,05:00:00,18:45:08
Lyon,2025-04-22,ciel dégagé,1,19.0,18.05,54.5,0,0,30,18,,5.4,,30.3,1017,1017,985,4.1,5.14,350,0.0,04:42:22,18:35:27
Bordeaux,2025-04-22,ciel dégagé,1,17.0,16.3,49.5,0,0,39,34,16,6.4,,39.0,1021,1021,1016,5.6,5.66,300,0.0,05:05:45,18:55:23
Nice,2025-04-22,ciel dégagé,1,18.0,18.21,76.5,0,0,37,23,10,3.2,1.1,36.6,1014,1014,995,2.0,1.54,210,0.0,04:36:35,18:22:02
Strasbourg,2025-04-22,ciel dégagé,1,17.0,16.27,55.0,0,0,33,63,12,10.7,,33.3,1017,1017,1000,1.0,1.03,340,0.0,04:25:00,18:29:37
Paris,2025-04-22,ciel dégagé,2,17.2,14.11,70.5,0,0,52,52,19,16.6,0.6,27.9,1018,1018,1008,6.0,2.06,170,0.0,04:46:01,18:51:57
Rennes,2025-04-22,ciel dégagé,1,14.0,12.97,58.0,0,0,38,20,9,3.2,,38.2,1019,1019,1011,4.1,4.12,230,0.0,05:03:45,19:06:19
Nantes,2025-04-22,ciel dégagé,1,15.0,13.14,58.0,0,0,39,16,7,1.1,,38.8,1020,1020,1017,5.1,4.63,260,0.0,05:05:01,19:03:59
Marseille,2025-04-22,couvert,1,20.0,18.05,60.5,0,100,30,26,12,10.0,0.3,30.1,1015,1015,1007,5.0,0.45,267,0.89,04:44:41,18:28:44
Toulouse,2025-04-22,couvert,1,14.0,13.4,69.5,0,100,37,11,5,2.4,,36.9,1022,1022,1000,4.1,4.63,280,0.0,05:00:00,18:45:08
Lyon,2025-04-22,ciel dégagé,1,19.0,17.05,56.5,0,0,30,18,,5.4,,30.3,1017,1017,985,4.1,4.63,360,0.0,04:42:22,18:35:27
Bordeaux,2025-04-22,ciel dégagé,1,17.0,15.2,49.5,0,0,39,34,16,6.4,,39.0,1021,1021,1016,5.6,5.66,290,0.0,05:05:45,18:55:23
Nice,2025-04-22,ciel dégagé,1,17.0,16.73,76.5,0,0,36,23,9,2.7,1.1,36.1,1015,1015,996,2.0,2.06,220,0.0,04:36:35,18:22:02
Strasbourg,2025-04-22,ciel dégagé,1,17.0,15.35,63.0,0,0,13,63,13,9.7,,33.3,1018,1018,1001,1.5,1.54,40,0.0,04:25:00,18:29:37
Paris,2025-04-22,ciel dégagé,1,16.1,13.64,69.5,0,0,48,48,22,26.1,0.6,29.0,1018,1018,1008,5.5,2.06,130,0.0,04:46:01,18:51:56
Rennes,2025-04-22,couvert,1,14.0,13.07,62.0,0,100,35,19,8,2.6,,34.6,1019,1019,1012,3.6,3.6,230,0.0,05:03:45,19:06:19
Nantes,2025-04-22,ciel dégagé,1,13.0,12.17,66.5,0,0,39,18,7,1.5,,38.6,1020,1020,1017,4.6,4.63,260,0.0,05:05:01,19:03:59
Marseille,2025-04-22,couvert,1,19.4,17.97,61.0,0,100,27,26,12,11.2,0.3,27.2,1015,1015,1004,2.0,4.21,286,7.63,04:44:41,18:28:42
Toulouse,2025-04-22,couvert,1,14.0,12.41,71.5,0,100,35,11,5,2.2,,35.1,1023,1023,1001,5.6,5.14,270,0.0,05:00:00,18:45:08
Lyon,2025-04-22,ciel dégagé,1,17.0,15.5,62.5,0,0,29,18,,5.4,,29.2,1018,1018,986,3.0,3.09,360,0.0,04:42:22,18:35:27
Bordeaux,2025-04-22,ciel dégagé,1,16.0,13.28,57.5,0,0,39,34,16,6.4,,38.6,1022,1022,1017,5.6,3.09,290,0.0,05:05:45,18:55:23
Nice,2025-04-22,ciel dégagé,1,16.0,16.09,81.5,0,0,34,23,9,3.8,1.1,34.4,1015,1015,996,2.0,2.06,230,0.0,04:36:35,18:22:02
Strasbourg,2025-04-22,ciel dégagé,1,15.0,13.57,77.0,0,0,34,63,13,11.2,,33.8,1018,1018,1002,1.5,1.03,360,0.0,04:25:00,18:29:37
Paris,2025-04-22,ciel dégagé,1,15.5,13.16,75.0,0,0,38,38,18,36.7,0.6,29.0,1019,1019,1009,5.0,2.57,120,0.0,04:46:01,18:51:56
Rennes,2025-04-22,couvert,1,13.0,11.97,62.0,0,100,33,21,10,2.9,,33.0,1020,1020,1012,4.6,4.63,220,0.0,05:03:45,19:06:19
Nantes,2025-04-22,peu nuageux,1,12.0,10.36,79.0,0,20,38,20,8,1.7,,38.4,1021,1021,1018,3.0,2.57,220,0.0,05:05:01,19:03:59
Marseille,2025-04-22,couvert,1,17.2,15.8,69.0,0,85,32,32,15,7.5,0.2,27.1,1016,1016,1008,1.5,4.79,276,7.15,04:44:41,18:28:44
Toulouse,2025-04-22,ciel dégagé,1,13.0,12.28,71.0,0,0,33,15,5,2.2,,33.4,1024,1024,1001,4.6,5.14,260,0.0,05:00:00,18:45:08
Lyon,2025-04-22,ciel dégagé,1,15.0,13.82,69.0,0,0,28,18,,5.4,,28.4,1019,1019,987,3.0,3.09,350,0.0,04:42:22,18:35:27
Bordeaux,2025-04-22,ciel dégagé,1,13.0,12.31,66.5,0,0,36,34,16,6.4,,36.2,1023,1023,1018,3.0,3.09,280,0.0,05:05:45,18:55:23
Nice,2025-04-22,ciel dégagé,1,16.0,15.9,79.75,0,0,30,25,8,5.9,1.1,30.3,1015,1015,996,2.0,2.06,260,0.0,04:36:35,18:22:02
Strasbourg,2025-04-22,ciel dégagé,1,13.0,12.46,82.0,0,0,23,63,12,21.4,,22.8,1018,1018,1002,0.5,0.51,0,0.0,04:25:00,18:29:37
Paris,2025-04-22,ciel dégagé,1,15.0,12.52,80.0,0,0,36,36,21,18.8,0.6,29.0,1019,1019,1009,5.0,1.54,110,0.0,04:46:01,18:51:56
Rennes,2025-04-22,ciel dégagé,1,12.0,10.98,66.0,0,0,33,18,8,2.1,,33.2,1019,1019,1011,4.1,4.12,200,0.0,05:03:45,19:06:19
Nantes,2025-04-22,ciel dégagé,1,11.0,10.36,81.5,0,0,35,23,9,2.4,,34.6,1021,1021,1018,2.5,2.57,230,0.0,05:05:01,19:03:59
Marseille,2025-04-22,couvert,1,15.5,14.7,74.0,0,88,36,36,17,7.0,0.2,25.1,1016,1016,1009,1.0,4.95,284,7.27,04:44:41,18:28:44
Toulouse,2025-04-22,ciel dégagé,1,11.5,11.31,77.25,0,0,33,13,5,2.4,,32.5,1024,1024,1002,4.1,4.12,270,0.0,05:00:00,18:45:08
Lyon,2025-04-22,ciel dégagé,1,14.0,12.75,72.75,0,0,28,18,,5.4,,28.4,1019,1019,987,3.0,3.6,330,0.0,04:42:22,18:35:27
Bordeaux,2025-04-22,ciel dégagé,1,12.0,11.45,76.0,0,0,35,34,16,6.4,,34.6,1024,1024,1019,2.0,2.06,260,0.0,05:05:45,18:55:23
Nice,2025-04-22,ciel dégagé,1,16.0,15.73,78.0,0.0,0,39,39,13,16.0,1.1,11.4,1015,1015,996,1.5,2.06,300,0.0,04:36:35,18:22:02
Strasbourg,2025-04-22,ciel dégagé,1,11.0,10.42,87.0,0.0,0,12,63,12,36.7,,8.4,1018,1018,1002,1.5,1.03,270,0.0,04:25:00,18:29:37
Paris,2025-04-22,ciel dégagé,1,14.4,12.31,81.0,0.0,0,38,38,18,18.1,0.6,29.0,1019,1019,1009,5.0,2.06,160,0.0,04:46:01,18:51:56
Rennes,2025-04-22,légère pluie,1,11.0,10.3,81.5,0.13,0,32,21,9,2.2,,31.5,1018,1018,1011,4.1,4.12,200,0.0,05:03:45,19:06:19
Nantes,2025-04-22,couvert,1,11.0,10.36,81.5,0.0,100,32,21,8,5.0,,31.9,1020,1020,1017,3.6,3.6,210,0.0,05:05:01,19:03:59
Marseille,2025-04-22,couvert,1,14.4,13.56,78.0,0.0,91,43,43,21,9.6,0.2,19.3,1016,1016,1009,0.2,5.03,297,7.65,04:44:41,18:28:44
Toulouse,2025-04-22,ciel dégagé,1,11.0,10.49,87.0,0.0,0,33,13,5,2.4,,32.5,1024,1024,1002,3.6,3.6,250,0.0,05:00:00,18:45:08
Lyon,2025-04-22,ciel dégagé,1,12.0,11.99,76.0,0.0,0,26,18,,5.4,,26.0,1020,1020,988,2.5,3.09,330,0.0,04:42:22,18:35:27
Bordeaux,2025-04-22,ciel dégagé,1,12.0,9.54,81.5,0.0,0,35,34,16,6.4,,34.6,1024,1024,1019,2.0,1.54,230,0.0,05:05:45,18:55:23
Nice,2025-04-26,partiellement nuageux,1,18.0,19.38,70.0,0.0,40,31,29,12,6.4,1.1,31.0,1014,1014,995,2.0,4.12,100,0.0,04:30:26,18:26:50
Strasbourg,2025-04-26,nuageux,1,13.5,13.36,72.75,0.0,75,15,63,15,4.2,,15.0,1018,1018,1001,4.8,4.12,40,0.0,04:17:45,18:35:31
Paris,2025-04-26,ciel dégagé,2,13.7,15.19,70.15,0.0,0,82,82,31,20.9,0.6,8.2,1019,1019,1009,1.6,4.63,30,0.0,04:38:42,18:57:54
Rennes,2025-04-26,ciel dégagé,2,12.0,12.5,84.5,0.0,0,69,69,21,3.4,,16.9,1020,1020,1012,2.5,3.09,350,0.0,04:56:38,19:12:06
Nantes,2025-04-26,pluie modérée,2,12.0,11.78,93.5,2.37,100,66,66,21,4.6,,14.6,1019,1019,1016,2.5,2.57,360,0.0,04:58:07,19:09:33
Marseille,2025-04-26,couvert,1,21.1,18.19,50.0,0.0,94,30,25,12,8.5,0.3,29.7,1014,1014,1006,1.0,4.02,267,5.81,04:38:37,18:33:27
Toulouse,2025-04-26,légère pluie,1,13.0,12.88,93.5,0.85,75,24,27,8,2.4,,24.3,1018,1018,996,5.1,4.63,290,0.0,04:53:53,18:49:55
Lyon,2025-04-26,nuageux,1,11.0,12.79,77.0,0.0,75,30,30,,3.4,,18.1,1015,1015,983,1.8,2.57,340,0.0,04:35:47,18:40:41
Bordeaux,2025-04-26,nuageux,1,13.0,14.78,85.0,0.0,75,20,34,16,6.4,,19.9,1018,1018,1013,3.0,5.14,300,0.0,04:59:22,19:00:26
Nice,2025-04-26,partiellement nuageux,1,18.0,19.38,70.0,0.0,40,31,29,12,6.4,1.1,31.0,1014,1014,995,2.0,4.12,100,0.0,04:30:26,18:26:50
Strasbourg,2025-04-26,nuageux,1,14.5,13.36,71.75,0.0,75,17,63,17,4.3,,19.1,1018,1018,1001,3.8,4.12,40,0.0,04:17:45,18:35:31
Paris,2025-04-26,ciel dégagé,2,13.7,14.95,70.15,0.0,0,82,82,31,20.9,0.6,8.2,1019,1019,1009,1.6,4.63,30,0.0,04:38:42,18:57:54
Rennes,2025-04-26,ciel dégagé,2,12.0,12.5,84.5,0.0,0,69,69,21,3.4,,16.9,1020,1020,1012,2.5,3.09,350,0.0,04:56:38,19:12:06
Nantes,2025-04-26,pluie modérée,2,12.0,11.78,93.5,3.16,100,66,66,21,4.6,,14.6,1019,1019,1016,2.5,2.57,360,0.0,04:58:07,19:09:33
Marseille,2025-04-26,couvert,1,21.1,18.24,51.0,0.0,94,30,25,12,8.5,0.3,29.7,1014,1014,1006,1.0,2.68,277,7.15,04:38:37,18:33:27
Toulouse,2025-04-26,légère pluie,1,13.0,12.88,93.5,0.84,75,24,27,8,2.4,,24.3,1018,1018,996,5.1,4.63,290,0.0,04:53:53,18:49:55
Lyon,2025-04-26,nuageux,1,11.0,12.79,77.0,0.0,75,30,30,,3.4,,18.1,1015,1015,983,1.8,2.57,340,0.0,04:35:47,18:40:41
Bordeaux,2025-04-26,nuageux,1,13.0,14.78,85.0,0.0,75,20,34,16,6.4,,19.9,1018,1018,1013,3.0,5.14,300,0.0,04:59:22,19:00:26
Nice,2025-05-05,partiellement nuageux,1,17.0,16.13,86.5,0.0,40,36,36,16,16.1,1.1,12.4,1003,1003,983,1.0,2.06,300,0.0,04:17:45,18:37:33
Strasbourg,2025-05-05,couvert,1,9.0,6.42,73.5,0.0,100,22,63,15,8.0,,21.7,1010,1010,995,7.7,8.75,40,0.0,04:02:39,18:48:39
Paris,2025-05-05,ciel dégagé,1,7.6,5.61,73.7,0.0,0,35,35,13,22.0,0.6,14.6,1016,1016,1006,3.7,6.69,30,0.0,04:23:27,19:11:11
Rennes,2025-05-05,couvert,1,8.0,5.03,75.5,0.0,100,24,13,7,2.2,,23.8,1018,1018,1011,6.1,5.14,20,0.0,04:41:49,19:24:57
Nantes,2025-05-05,peu nuageux,1,9.0,6.36,70.5,0.0,20,27,15,7,4.0,,27.1,1017,1017,1013,5.1,5.14,20,0.0,04:43:45,19:21:57
Marseille,2025-05-05,légère pluie,1,11.6,13.68,92.0,0.26,100,18,8,5,12.2,0.3,18.0,1005,1005,998,7.0,5.81,300,6.26,04:26:06,18:44:00
Toulouse,2025-05-05,couvert,1,13.0,12.72,89.0,0.0,100,17,16,6,4.8,,16.7,1009,1009,987,4.8,5.14,300,0.0,04:41:14,19:00:36
Lyon,2025-05-05,couvert,1,10.0,6.99,81.0,0.0,100,22,52,,2.2,,21.9,1008,1008,976,6.6,6.69,320,0.0,04:22:09,18:52:21
Bordeaux,2025-05-05,ciel dégagé,1,11.0,9.25,73.5,0.0,0,24,30,20,1.0,,23.6,1012,1012,1007,6.6,5.66,20,0.0,04:46:10,19:11:40
Nice,2025-05-05,nuageux,1,17.0,17.41,84.0,0.0,75,36,36,16,16.1,1.1,12.4,1002,1002,983,1.0,1.54,0,0.0,04:17:45,18:37:33
Strasbourg,2025-05-05,couvert,1,9.0,6.55,73.5,0.0,100,22,63,15,8.0,,21.7,1011,1011,995,7.7,8.23,40,0.0,04:02:39,18:48:39
Paris,2025-05-05,ciel dégagé,1,7.6,6.21,71.2,0.0,0,35,35,13,22.0,0.6,14.6,1016,1016,1006,3.7,7.2,20,0.0,04:23:28,19:11:14
Rennes,2025-05-05,légère pluie,1,9.0,6.28,73.0,0.29,75,27,18,13,2.7,,27.3,1018,1018,1011,4.6,5.14,20,0.0,04:41:49,19:24:57
Nantes,2025-05-05,peu nuageux,1,9.0,8.84,68.0,0.0,20,27,15,7,4.0,,27.1,1017,1017,1013,5.1,5.14,30,0.0,04:43:45,19:21:57
Marseille,2025-05-05,légère pluie,1,11.6,13.66,91.5,0.36,98,18,8,5,12.2,0.3,18.0,1005,1005,998,7.0,5.81,302,6.26,04:26:07,18:44:00
Toulouse,2025-05-05,couvert,1,13.0,12.72,87.5,0.0,100,33,33,6,4.8,,16.7,1009,1009,987,5.6,6.17,320,0.0,04:41:14,19:00:36
Lyon,2025-05-05,couvert,1,10.0,6.84,81.0,0.0,100,22,52,,2.2,,21.9,1008,1008,976,6.6,7.2,330,0.0,04:22:09,18:52:21
Bordeaux,2025-05-05,ciel dégagé,1,11.0,11.19,68.5,0.0,0,24,30,20,1.0,,23.6,1012,1012,1007,6.6,5.66,20,0.0,04:46:10,19:11:40
Nice,2025-05-05,nuageux,1,17.0,17.41,84.0,0.0,75,36,36,16,16.1,1.1,12.4,1002,1002,983,1.0,1.54,0,0.0,04:17:45,18:37:33
Strasbourg,2025-05-05,couvert,1,9.0,6.59,73.5,0.0,100,22,63,15,8.0,,21.7,1011,1011,995,7.7,8.23,40,0.0,04:02:39,18:48:39
Paris,2025-05-05,ciel dégagé,1,7.6,6.74,71.2,0.0,0,35,35,13,22.0,0.6,14.6,1016,1016,1006,3.7,7.2,20,0.0,04:23:27,19:11:11
Rennes,2025-05-05,légère pluie,1,9.0,6.28,73.0,0.15,75,27,18,13,2.7,,27.3,1018,1018,1011,4.6,5.14,20,0.0,04:41:49,19:24:57
Nantes,2025-05-05,peu nuageux,1,9.0,8.84,68.0,0.0,20,27,15,7,4.0,,27.1,1017,1017,1013,5.1,5.14,30,0.0,04:43:45,19:21:57
Marseille,2025-05-05,légère pluie,1,11.6,13.58,90.0,0.27,98,18,8,5,12.2,0.3,18.0,1005,1005,998,7.0,3.13,354,10.73,04:26:06,18:44:00
Toulouse,2025-05-05,couvert,1,13.0,12.72,87.5,0.0,100,33,33,11,4.8,,16.7,1009,1009,987,5.9,6.17,320,0.0,04:41:14,19:00:36
Lyon,2025-05-05,couvert,1,10.0,6.68,81.0,0.0,100,22,52,,4.5,,21.9,1008,1008,976,6.1,7.2,330,0.0,04:22:09,18:52:21
Bordeaux,2025-05-05,ciel dégagé,1,11.0,11.19,68.5,0.0,0,24,30,20,1.0,,23.6,1012,1012,1007,6.6,5.66,20,0.0,04:46:10,19:11:40
Nice,2025-05-05,pluie modérée,1,18.0,17.55,81.0,2.18,75,33,33,14,8.1,1.1,25.3,1002,1002,983,2.0,2.06,170,0.0,04:17:45,18:37:33
Strasbourg,2025-05-05,ciel dégagé,1,11.0,9.74,64.0,0.0,0,22,63,14,10.0,,21.5,1011,1011,995,8.2,8.75,30,0.0,04:02:39,18:48:39
Paris,2025-05-05,ciel dégagé,1,9.4,9.23,65.5,0.0,0,35,35,21,20.2,0.6,14.0,1016,1016,1006,3.0,7.2,20,0.0,04:23:27,19:11:11
Rennes,2025-05-05,nuageux,1,10.0,7.19,71.0,0.0,75,26,16,10,2.7,,26.0,1018,1018,1011,6.1,6.17,30,0.0,04:41:49,19:24:57
Nantes,2025-05-05,ciel dégagé,1,9.5,8.84,67.0,0.0,0,28,16,8,2.6,,28.0,1017,1017,1014,5.1,5.14,30,0.0,04:43:45,19:21:57
Marseille,2025-05-05,couvert,1,12.2,14.12,88.5,0.0,98,15,8,5,7.1,0.3,14.8,1005,1005,998,4.0,2.68,317,4.02,04:26:06,18:44:00
Toulouse,2025-05-05,couvert,1,13.0,12.72,87.5,0.0,100,33,33,11,5.9,,15.2,1009,1009,988,5.9,5.66,310,0.0,04:41:14,19:00:36
Lyon,2025-05-05,couvert,1,10.0,6.54,81.0,0.0,100,21,52,,4.5,,20.7,1009,1009,977,6.1,7.72,330,0.0,04:22:09,18:52:21
Bordeaux,2025-05-05,ciel dégagé,1,13.0,12.18,62.0,0.0,0,24,30,20,1.0,,24.0,1013,1013,1008,5.6,5.66,360,0.0,04:46:10,19:11:40
Nice,2025-05-05,averses de pluie,1,18.0,17.23,83.5,1.4,75,33,33,14,8.1,1.1,25.3,1002,1002,983,2.0,2.06,210,0.0,04:17:45,18:37:33
Strasbourg,2025-05-05,ciel dégagé,1,11.0,9.74,64.0,0.0,0,22,63,14,10.0,,21.5,1011,1011,995,8.2,8.75,30,0.0,04:02:39,18:48:39
Paris,2025-05-05,ciel dégagé,1,9.4,9.19,65.5,0.0,0,35,35,21,20.2,0.6,14.0,1016,1016,1006,3.0,7.2,20,0.0,04:23:26,19:11:12
Rennes,2025-05-05,nuageux,1,10.0,7.73,71.0,0.0,75,26,16,10,2.7,,26.0,1018,1018,1011,6.1,4.63,30,0.0,04:41:49,19:24:57
Nantes,2025-05-05,peu nuageux,1,9.5,9.84,65.0,0.0,20,28,16,8,2.6,,28.0,1017,1017,1014,5.1,6.17,20,0.0,04:43:45,19:21:57
Marseille,2025-05-05,couvert,1,12.2,14.07,87.5,0.0,98,15,8,5,7.1,0.3,14.8,1005,1005,998,4.0,4.47,306,8.49,04:26:06,18:44:00
Toulouse,2025-05-05,nuageux,1,13.0,12.72,87.5,0.0,75,33,33,11,4.7,,16.6,1009,1009,988,5.6,5.66,300,0.0,04:41:14,19:00:36
Lyon,2025-05-05,couvert,1,10.0,6.84,82.0,0.0,100,21,52,,4.5,,20.7,1009,1009,977,6.1,6.17,320,0.0,04:22:09,18:52:21
Bordeaux,2025-05-05,ciel dégagé,1,13.0,12.18,62.0,0.0,0,24,30,20,1.0,,24.0,1013,1013,1008,5.6,5.66,360,0.0,04:46:10,19:11:40
Nice,2025-05-05,couvert,1,17.0,18.74,90.0,0,92,33,33,14,8.4,1.1,25.3,1002,1002,983,1.5,2.18,202,2.48,04:17:45,18:37:33
Strasbourg,2025-05-05,ciel dégagé,1,11.0,11.69,59.0,0,0,23,63,17,8.8,,22.5,1011,1011,995,8.4,8.75,40,0.0,04:02:39,18:48:39
Paris,2025-05-05,peu nuageux,1,9.7,10.5,61.2,0,20,35,35,13,22.0,0.6,14.0,1016,1016,1006,6.1,6.69,10,0.0,04:23:27,19:11:11
Rennes,2025-05-05,couvert,1,10.0,7.35,66.0,0,100,25,17,11,2.0,,25.2,1019,1019,1011,5.6,5.66,30,0.0,04:41:49,19:24:57
Nantes,2025-05-05,peu nuageux,1,10.5,10.73,59.0,0,20,29,16,8,2.6,,29.3,1017,1017,1014,5.6,6.17,50,11.83,04:43:45,19:21:57
Marseille,2025-05-05,couvert,1,12.7,14.63,86.0,0,99,17,9,6,6.3,0.4,16.6,1005,1005,998,2.0,2.24,289,5.36,04:26:06,18:44:00
Toulouse,2025-05-05,couvert,1,13.0,12.72,87.5,0,100,28,28,11,3.5,,18.9,1009,1009,988,5.9,6.69,310,0.0,04:41:14,19:00:36
Lyon,2025-05-05,couvert,1,10.0,6.8,82.0,0,100,19,52,,4.8,,19.2,1009,1009,977,6.6,6.69,330,0.0,04:22:09,18:52:21
Bordeaux,2025-05-05,ciel dégagé,1,13.0,15.7,63.5,0,6,24,30,20,1.0,,24.0,1013,1013,1008,5.6,5.36,9,6.58,04:46:10,19:11:40
Nice,2025-05-05,partiellement nuageux,1,17.0,18.21,87.0,0,40,33,33,14,8.4,1.1,25.3,1002,1002,983,1.5,1.54,230,0.0,04:17:45,18:37:33
Strasbourg,2025-05-05,ciel dégagé,1,11.0,11.75,59.0,0,0,23,63,17,8.8,,22.5,1011,1011,995,8.4,8.75,40,0.0,04:02:39,18:48:39
Paris,2025-05-05,peu nuageux,1,9.7,10.74,60.2,0,20,35,35,13,22.0,0.6,14.0,1016,1016,1006,6.1,7.2,30,0.0,04:23:27,19:11:11
Rennes,2025-05-05,couvert,1,10.0,9.77,64.0,0,100,25,17,11,2.0,,25.2,1019,1019,1011,5.6,5.66,30,0.0,04:41:49,19:24:57
Nantes,2025-05-05,peu nuageux,1,10.5,10.73,59.0,0,20,29,16,8,2.6,,29.3,1017,1017,1014,5.6,6.17,50,11.83,04:43:45,19:21:57
Marseille,2025-05-05,couvert,1,12.7,14.6,85.5,0,99,17,9,6,6.3,0.4,16.6,1005,1005,998,2.0,3.13,306,5.36,04:26:06,18:44:00
Toulouse,2025-05-05,couvert,1,13.0,12.72,87.5,0,100,28,28,11,3.5,,18.9,1010,1010,988,5.9,5.14,290,0.0,04:41:14,19:00:36
Lyon,2025-05-05,couvert,1,10.0,6.97,81.0,0,100,19,52,,4.8,,19.2,1009,1009,977,6.6,6.69,330,0.0,04:22:09,18:52:21
Bordeaux,2025-05-05,ciel dégagé,1,13.0,15.68,63.0,0,6,24,30,20,1.0,,24.0,1013,1013,1008,5.6,5.36,9,6.58,04:46:10,19:11:40
Nice,2025-05-05,partiellement nuageux,1,19.0,18.12,83.5,0,40,25,25,11,3.8,1.1,25.3,1002,1002,983,5.6,8.23,210,0.0,04:17:45,18:37:33
Strasbourg,2025-05-05,couvert,1,12.5,11.42,59.0,0,100,27,63,17,6.4,,26.9,1012,1012,995,8.7,5.47,34,7.24,04:02:39,18:48:39
Paris,2025-05-05,peu nuageux,2,11.0,12.53,54.5,0,20,56,56,36,17.5,0.6,19.9,1016,1016,1006,2.7,7.2,30,0.0,04:23:27,19:11:11
Rennes,2025-05-05,couvert,1,12.0,9.77,62.0,0,100,25,13,7,2.0,,25.2,1018,1018,1011,5.6,6.17,30,0.0,04:41:49,19:24:57
Nantes,2025-05-05,nuageux,1,12.0,12.67,50.0,0,75,32,15,7,1.8,,31.5,1017,1017,1013,5.9,5.66,20,0.0,04:43:45,19:21:57
Marseille,2025-05-05,couvert,1,13.3,15.14,80.5,0,99,18,11,7,5.7,0.5,18.0,1005,1005,998,4.0,4.02,288,5.81,04:26:06,18:44:00
Toulouse,2025-05-05,couvert,1,14.0,13.53,78.0,0,100,28,28,11,2.8,,19.3,1010,1010,988,5.6,5.66,290,0.0,04:41:14,19:00:36
Lyon,2025-05-05,couvert,1,10.0,9.5,84.0,0,100,19,52,,3.4,,19.2,1009,1009,977,6.6,6.17,320,0.0,04:22:09,18:52:21
Bordeaux,2025-05-05,peu nuageux,1,13.0,15.3,58.5,0,20,25,30,17,1.0,,25.2,1013,1013,1008,5.6,6.17,350,0.0,04:46:10,19:11:40
Nice,2025-05-05,partiellement nuageux,1,19.0,18.7,84.5,0,40,25,25,11,3.8,1.1,25.3,1002,1002,983,5.6,8.23,210,0.0,04:17:45,18:37:33
Strasbourg,2025-05-05,nuageux,1,14.5,13.73,51.75,0,75,27,63,20,5.4,,26.9,1012,1012,995,7.9,7.2,50,0.0,04:02:39,18:48:39
Paris,2025-05-05,peu nuageux,2,12.2,12.55,51.5,0,20,58,58,24,17.6,0.6,19.9,1016,1016,1006,4.8,7.2,30,0.0,04:23:27,19:11:11
Rennes,2025-05-05,couvert,1,12.0,9.77,62.0,0,100,25,13,7,2.0,,25.2,1018,1018,1011,5.6,6.17,30,0.0,04:41:49,19:24:57
Nantes,2025-05-05,nuageux,1,12.0,12.67,50.0,0,75,32,15,7,1.8,,31.5,1017,1017,1013,5.9,5.66,20,0.0,04:43:45,19:21:57
Marseille,2025-05-05,couvert,1,13.3,15.1,79.5,0,99,18,11,7,5.7,0.5,18.0,1005,1005,998,4.0,6.26,282,8.49,04:26:06,18:44:00
Toulouse,2025-05-05,couvert,1,14.0,13.53,78.0,0,100,28,28,11,2.8,,19.3,1010,1010,988,5.6,5.66,290,0.0,04:41:14,19:00:36
Lyon,2025-05-05,couvert,1,10.0,9.5,84.0,0,100,19,52,,3.4,,19.2,1010,1010,977,6.6,6.17,320,0.0,04:22:09,18:52:21
Bordeaux,2025-05-05,peu nuageux,1,15.5,15.3,55.75,0,20,25,30,20,1.0,,25.2,1013,1013,1008,6.1,6.17,350,0.0,04:46:10,19:11:40
Nice,2025-05-05,nuageux,1,19.0,18.76,77.0,0,75,21,12,8,3.2,1.1,21.2,1002,1002,982,5.6,6.69,210,0.0,04:17:45,18:37:33
Strasbourg,2025-05-05,nuageux,1,15.0,13.75,47.25,0,75,30,63,19,4.4,,29.9,1011,1011,995,9.2,9.26,50,14.92,04:02:39,18:48:39
Paris,2025-05-05,ciel dégagé,2,12.7,12.08,49.5,0,0,56,48,56,17.3,0.6,26.8,1015,1015,1006,6.0,7.2,20,0.0,04:23:26,19:11:12
Rennes,2025-05-05,ciel dégagé,1,12.0,10.67,54.0,0,0,26,16,10,1.3,,26.2,1018,1018,1011,6.1,6.17,30,0.0,04:41:49,19:24:57
Nantes,2025-05-05,ciel dégagé,1,13.5,12.75,47.75,0,0,33,12,6,1.2,,33.1,1017,1017,1013,4.8,5.14,20,0.0,04:43:45,19:21:57
Marseille,2025-05-05,couvert,1,16.6,17.79,65.5,0,100,20,17,10,8.1,0.6,19.9,1005,1005,997,3.0,6.26,316,11.62,04:26:07,18:44:00
Toulouse,2025-05-05,nuageux,1,16.5,16.47,65.25,0,75,24,23,9,2.0,,23.8,1010,1010,988,7.2,7.72,300,0.0,04:41:14,19:00:36
Lyon,2025-05-05,bruine légère,1,10.5,9.53,85.5,0,100,18,52,,3.6,,18.1,1010,1010,977,5.6,6.17,320,0.0,04:22:09,18:52:21
Bordeaux,2025-05-05,nuageux,1,17.0,15.12,48.0,0,75,11,17,11,1.4,,24.4,1014,1014,1009,5.6,5.66,10,0.0,04:46:10,19:11:40
Nice,2025-05-05,nuageux,1,19.0,18.76,77.0,0,75,21,12,8,3.2,1.1,21.2,1001,1001,982,5.6,6.69,210,0.0,04:17:45,18:37:33
Strasbourg,2025-05-05,nuageux,1,15.0,13.74,47.25,0,75,30,63,19,4.4,,29.9,1011,1011,995,9.2,9.26,50,14.92,04:02:39,18:48:39
Paris,2025-05-05,ciel dégagé,1,12.7,11.92,48.75,0,0,37,37,18,19.0,0.6,29.0,1015,1015,1006,7.0,6.17,50,0.0,04:23:27,19:11:11
Rennes,2025-05-05,nuageux,1,12.0,11.66,52.0,0,75,26,16,10,1.3,,26.2,1018,1018,1011,6.1,7.2,360,0.0,04:41:49,19:24:57
Nantes,2025-05-05,ciel dégagé,1,13.5,11.73,49.25,0,0,33,12,6,1.2,,33.1,1017,1017,1013,4.8,4.63,20,0.0,04:43:45,19:21:57
Marseille,2025-05-05,couvert,1,16.6,17.22,66.0,0,100,20,17,10,8.1,0.6,19.9,1004,1004,997,3.0,9.83,14,10.73,04:26:06,18:44:00
Toulouse,2025-05-05,nuageux,1,16.5,16.47,65.25,0,75,24,23,9,2.0,,23.8,1010,1010,988,7.2,7.72,300,0.0,04:41:14,19:00:36
Lyon,2025-05-05,bruine légère,1,10.5,9.53,85.5,0,100,18,52,,3.6,,18.1,1010,1010,977,5.6,6.17,320,0.0,04:22:09,18:52:21
Bordeaux,2025-05-05,nuageux,1,17.0,15.12,48.0,0,75,11,17,11,1.4,,24.4,1014,1014,1009,5.6,5.66,10,0.0,04:46:10,19:11:40
Nice,2025-05-05,averses de pluie,1,19.0,18.43,78.5,3.35,75,22,13,9,3.1,1.1,22.3,1001,1001,982,6.1,4.12,220,0.0,04:17:45,18:37:33
Strasbourg,2025-05-05,nuageux,1,15.0,14.72,44.0,0.0,75,35,63,27,4.4,,34.9,1011,1011,995,9.7,8.75,50,0.0,04:02:39,18:48:39
Paris,2025-05-05,ciel dégagé,1,12.7,12.73,48.25,0.0,0,37,37,18,19.0,0.6,29.0,1015,1015,1006,7.0,6.69,10,0.0,04:23:27,19:11:11
Rennes,2025-05-05,couvert,1,12.0,10.77,58.0,0.0,100,26,20,16,1.2,,26.4,1018,1018,1011,7.7,7.72,10,0.0,04:41:49,19:24:57
Nantes,2025-05-05,ciel dégagé,1,13.0,13.85,48.5,0.0,0,32,15,12,1.5,,32.2,1017,1017,1013,5.1,5.14,40,0.0,04:43:45,19:21:57
Marseille,2025-05-05,couvert,1,17.7,17.75,59.5,0.0,100,24,19,14,8.3,0.5,23.6,1004,1004,997,6.0,6.26,282,10.73,04:26:06,18:44:00
Toulouse,2025-05-05,nuageux,1,16.5,16.36,60.0,0.0,75,22,22,10,2.0,,23.8,1010,1010,989,7.7,7.2,290,0.0,04:41:14,19:00:36
Lyon,2025-05-05,bruine légère,1,10.5,10.18,84.5,0.0,100,20,52,,3.5,,19.8,1009,1009,977,5.4,5.14,330,0.0,04:22:09,18:52:22
Bordeaux,2025-05-05,ciel dégagé,1,17.5,16.14,43.5,0.0,0,25,17,25,1.0,,25.2,1013,1013,1009,5.6,6.17,10,0.0,04:46:10,19:11:40
Nice,2025-05-05,averses de pluie,1,19.0,18.43,78.5,3.35,75,22,13,9,3.1,1.1,22.3,1001,1001,982,6.1,4.12,220,0.0,04:17:45,18:37:33
Strasbourg,2025-05-05,nuageux,1,15.0,14.72,44.0,0.0,75,35,63,27,4.4,,34.9,1011,1011,995,9.7,8.75,50,0.0,04:02:39,18:48:39
Paris,2025-05-05,ciel dégagé,1,12.7,12.73,48.25,0.0,0,37,37,18,19.0,0.6,29.0,1015,1015,1006,7.0,6.69,10,0.0,04:23:27,19:11:11
Rennes,2025-05-05,couvert,1,12.0,10.77,58.0,0.0,100,26,20,16,1.2,,26.4,1018,1018,1011,7.7,7.72,10,0.0,04:41:49,19:24:57
Nantes,2025-05-05,ciel dégagé,1,13.0,13.85,48.5,0.0,0,32,15,12,1.5,,32.2,1017,1017,1013,5.1,5.14,40,0.0,04:43:45,19:21:57
Marseille,2025-05-05,couvert,1,17.7,17.75,59.5,0.0,100,24,19,14,8.3,0.5,23.6,1004,1004,997,6.0,6.26,282,10.73,04:26:06,18:44:00
Toulouse,2025-05-05,nuageux,1,16.5,16.36,60.0,0.0,75,22,22,10,2.0,,23.8,1010,1010,989,7.7,7.2,290,0.0,04:41:14,19:00:36
Lyon,2025-05-05,bruine légère,1,10.5,10.18,84.5,0.0,100,20,52,,3.5,,19.8,1009,1009,977,5.4,5.14,330,0.0,04:22:09,18:52:22
Bordeaux,2025-05-05,ciel dégagé,1,17.5,16.14,43.5,0.0,0,25,17,25,1.0,,25.2,1013,1013,1009,5.6,6.17,10,0.0,04:46:10,19:11:40
Nice,2025-05-05,pluie modérée,1,19.0,18.46,81.25,1.15,75,22,14,9,3.4,1.1,22.2,1000,1000,981,5.1,2.06,300,0.0,04:17:45,18:37:33
Strasbourg,2025-05-05,nuageux,1,15.0,13.71,47.0,0.0,75,38,63,26,4.0,,37.5,1011,1011,995,8.7,8.75,40,0.0,04:02:39,18:48:39
Paris,2025-05-05,ciel dégagé,1,12.9,12.23,45.85,0.0,0,48,48,19,18.4,0.6,30.0,1016,1016,1006,7.0,7.2,20,0.0,04:23:27,19:11:11
Rennes,2025-05-05,couvert,1,11.0,10.77,60.0,0.0,100,26,17,11,1.8,,26.3,1018,1018,1010,5.1,6.69,360,0.0,04:41:49,19:24:57
Nantes,2025-05-05,ciel dégagé,1,15.0,13.85,47.0,0.0,0,32,14,10,1.5,,32.4,1017,1017,1013,4.1,4.12,10,0.0,04:43:45,19:21:57
Marseille,2025-05-05,couvert,1,17.7,18.17,55.5,0.0,100,27,19,12,7.9,0.5,26.5,1005,1005,997,7.0,9.83,40,13.41,04:26:06,18:44:00
Toulouse,2025-05-05,nuageux,1,17.0,15.05,51.0,0.0,75,28,22,10,1.9,,28.3,1010,1010,989,8.2,8.75,300,0.0,04:41:14,19:00:36
Lyon,2025-05-05,bruine légère,1,11.0,10.36,83.5,0.0,100,19,52,,4.4,,18.9,1009,1009,977,5.1,5.14,340,0.0,04:22:09,18:52:21
Bordeaux,2025-05-05,ciel dégagé,1,16.0,16.06,43.0,0.0,0,34,30,17,1.4,,34.2,1013,1013,1008,5.6,5.66,10,0.0,04:46:10,19:11:40
Nice,2025-05-06,partiellement nuageux,1,16.5,16.46,79.75,0,40,22,22,13,11.4,1.1,5.7,1006,1006,987,2.5,2.57,40,0.0,04:16:27,18:38:44
Strasbourg,2025-05-06,ciel dégagé,1,11.0,10.78,62.0,0,0,18,63,12,9.1,,18.2,1015,1015,999,7.7,7.72,30,0.0,04:01:05,18:50:05
Paris,2025-05-06,ciel dégagé,1,8.1,7.01,68.4,0,0,29,29,25,18.0,0.6,18.0,1019,1019,1009,4.7,5.66,10,0.0,04:21:52,19:12:38
Rennes,2025-05-06,ciel dégagé,1,10.0,10.01,73.5,0,0,35,35,23,3.5,,22.6,1021,1021,1013,5.1,5.14,20,0.0,04:40:17,19:26:21
Nantes,2025-05-06,ciel dégagé,1,10.0,9.11,76.0,0,0,34,34,16,5.7,0.2,16.6,1020,1020,1017,3.6,3.6,30,0.0,04:42:16,19:23:18
Marseille,2025-05-06,partiellement nuageux,1,11.1,12.54,74.0,0,26,19,15,10,8.0,0.4,19.4,1008,1008,1002,4.0,4.47,284,5.36,04:24:50,18:45:09
Toulouse,2025-05-06,ciel dégagé,1,9.5,10.21,78.5,0,0,19,19,7,4.8,,18.8,1015,1015,993,5.4,5.66,280,0.0,04:39:56,19:01:46
Lyon,2025-05-06,couvert,1,10.0,9.83,75.0,0,100,20,52,,1.8,,20.2,1012,1012,980,5.6,5.14,350,0.0,04:20:45,18:53:37
Bordeaux,2025-05-06,couvert,1,10.0,9.38,78.5,0,100,18,30,18,1.9,,30.5,1017,1017,1012,5.6,4.63,10,0.0,04:44:49,19:12:54
Nice,2025-05-06,partiellement nuageux,1,16.5,16.46,79.75,0,40,22,22,13,11.4,1.1,5.7,1006,1006,987,2.5,2.57,40,0.0,04:16:27,18:38:44
Strasbourg,2025-05-06,ciel dégagé,1,11.0,10.78,62.0,0,0,18,63,12,9.1,,18.2,1015,1015,999,7.7,7.72,30,0.0,04:01:05,18:50:05
Paris,2025-05-06,ciel dégagé,1,8.1,7.01,68.4,0,0,29,29,25,18.0,0.6,18.0,1019,1019,1009,4.7,5.66,10,0.0,04:21:52,19:12:38
Rennes,2025-05-06,ciel dégagé,1,10.0,10.01,73.5,0,0,35,35,23,3.5,,22.6,1021,1021,1013,5.1,5.14,20,0.0,04:40:17,19:26:21
Nantes,2025-05-06,ciel dégagé,1,10.0,9.11,76.0,0,0,34,34,16,5.7,0.2,16.6,1020,1020,1017,3.6,3.6,30,0.0,04:42:16,19:23:18
Marseille,2025-05-06,partiellement nuageux,1,11.1,12.54,74.0,0,26,19,15,10,8.0,0.4,19.4,1008,1008,1002,4.0,4.47,284,5.36,04:24:50,18:45:09
Toulouse,2025-05-06,ciel dégagé,1,11.0,10.21,74.75,0,0,19,19,7,4.8,,18.8,1015,1015,993,5.6,5.66,280,0.0,04:39:56,19:01:46
Lyon,2025-05-06,couvert,1,10.0,9.83,75.0,0,100,20,52,,1.8,,20.2,1012,1012,980,5.6,5.14,350,0.0,04:20:45,18:53:37
Bordeaux,2025-05-06,couvert,1,10.0,9.38,78.5,0,100,18,30,18,1.9,,30.5,1017,1017,1012,5.6,4.63,10,0.0,04:44:49,19:12:54
Nice,2025-05-06,partiellement nuageux,1,18.0,17.74,75.5,0,40,18,18,11,6.0,1.1,16.7,1007,1007,988,2.5,2.57,120,0.0,04:16:27,18:38:44
Strasbourg,2025-05-06,ciel dégagé,1,13.0,12.85,58.0,0,0,19,63,12,8.8,,18.6,1016,1016,999,5.6,7.72,40,0.0,04:01:05,18:50:05
Paris,2025-05-06,ciel dégagé,1,10.1,10.09,64.6,0,0,40,40,30,13.0,0.6,13.9,1019,1019,1010,6.5,5.66,20,0.0,04:21:52,19:12:38
Rennes,2025-05-06,ciel dégagé,1,11.0,10.01,71.0,0,0,34,34,19,3.6,,22.7,1021,1021,1014,5.1,5.14,40,0.0,04:40:17,19:26:21
Nantes,2025-05-06,ciel dégagé,1,12.0,11.04,66.0,0,0,32,32,15,5.7,,21.4,1020,1020,1017,4.6,4.63,40,0.0,04:42:16,19:23:18
Marseille,2025-05-06,peu nuageux,1,13.3,13.01,66.5,0,21,19,19,16,9.1,0.4,18.2,1009,1009,1002,3.0,6.26,271,8.94,04:24:49,18:45:09
Toulouse,2025-05-06,nuageux,1,12.5,12.17,67.75,0,75,23,23,7,4.9,,20.1,1015,1015,993,5.6,5.66,290,0.0,04:39:56,19:01:46
Lyon,2025-05-06,couvert,1,10.0,10.21,75.0,0,100,20,52,,1.8,,20.1,1012,1012,980,5.1,5.66,340,0.0,04:20:45,18:53:37
Bordeaux,2025-05-06,couvert,1,10.0,9.38,78.5,0,100,18,30,18,1.9,,30.5,1017,1017,1012,5.6,5.14,40,0.0,04:44:49,19:12:54
Nice,2025-05-06,partiellement nuageux,1,18.0,17.79,75.5,0.0,40,18,18,11,6.0,1.1,16.7,1007,1007,988,2.5,2.57,120,0.0,04:16:27,18:38:44
Strasbourg,2025-05-06,ciel dégagé,1,13.0,12.78,58.0,0.0,0,19,63,12,8.8,,18.6,1016,1016,999,5.6,7.72,40,0.0,04:01:07,18:50:05
Paris,2025-05-06,ciel dégagé,1,10.1,10.32,64.6,0.0,0,40,40,30,13.0,0.6,13.9,1019,1019,1010,6.5,5.66,20,0.0,04:21:52,19:12:38
Rennes,2025-05-06,ciel dégagé,1,11.0,10.01,71.0,0.0,0,34,34,19,3.6,,22.7,1021,1021,1014,5.1,5.66,20,0.0,04:40:17,19:26:21
Nantes,2025-05-06,peu nuageux,1,12.5,12.04,63.0,0.0,20,32,32,15,3.1,,21.4,1020,1020,1017,4.6,4.63,40,0.0,04:42:16,19:23:18
Marseille,2025-05-06,peu nuageux,1,13.3,12.98,66.0,0.0,21,19,19,16,9.1,0.4,18.2,1009,1009,1002,3.0,4.47,277,7.6,04:24:50,18:45:09
Toulouse,2025-05-06,nuageux,1,12.5,12.17,67.75,0.0,75,23,23,10,4.9,,20.1,1015,1015,993,5.6,5.66,290,0.0,04:39:56,19:01:46
Lyon,2025-05-06,couvert,1,10.0,10.21,75.0,0.0,100,20,52,,1.8,,20.1,1012,1012,980,5.1,5.66,340,0.0,04:20:45,18:53:37
Bordeaux,2025-05-06,légère pluie,1,10.0,9.38,78.5,0.23,100,18,30,18,1.9,,30.5,1017,1017,1012,5.6,5.14,40,0.0,04:44:49,19:12:54
Nice,2025-05-06,partiellement nuageux,1,18.0,18.05,74.5,0,40,22,16,9,3.8,1.1,22.3,1008,1008,989,2.5,1.54,140,0.0,04:16:27,18:38:44
Strasbourg,2025-05-06,peu nuageux,1,14.0,13.81,52.5,0,20,20,63,11,6.4,,19.8,1016,1016,999,7.7,8.75,30,0.0,04:01:05,18:50:05
Paris,2025-05-06,ciel dégagé,2,12.0,11.85,58.75,0,0,51,51,30,21.1,0.6,14.5,1019,1019,1010,5.0,6.69,30,0.0,04:21:52,19:12:38
Rennes,2025-05-06,ciel dégagé,1,12.0,10.98,66.0,0,0,34,34,20,3.0,,23.5,1021,1021,1014,5.6,5.66,40,0.0,04:40:17,19:26:21
Nantes,2025-05-06,peu nuageux,1,14.0,13.04,58.0,0,20,32,32,17,2.3,,24.3,1020,1020,1017,4.1,4.12,30,0.0,04:42:16,19:23:18
Marseille,2025-05-06,peu nuageux,1,14.4,14.06,60.5,0,23,22,17,16,6.8,0.4,22.4,1009,1009,1002,4.0,6.71,282,9.39,04:24:49,18:45:09
Toulouse,2025-05-06,nuageux,1,13.0,12.17,66.5,0,75,24,23,10,3.1,,24.2,1015,1015,993,6.1,6.17,290,0.0,04:39:56,19:01:46
Lyon,2025-05-06,couvert,1,10.0,10.48,76.0,0,100,20,52,,1.8,,20.1,1013,1013,981,5.1,5.66,340,0.0,04:20:45,18:53:37
Bordeaux,2025-05-06,légère pluie,1,10.0,10.35,76.0,1,100,18,30,18,1.9,,30.5,1017,1017,1012,5.6,4.63,30,0.0,04:44:49,19:12:54
Nice,2025-05-06,partiellement nuageux,1,18.0,18.05,74.5,0,40,22,16,9,3.8,1.1,22.3,1008,1008,989,2.5,1.54,140,0.0,04:16:27,18:38:44
Strasbourg,2025-05-06,peu nuageux,1,14.0,13.82,52.5,0,20,20,63,11,6.4,,19.8,1015,1015,999,7.7,8.75,30,0.0,04:01:05,18:50:05
Paris,2025-05-06,ciel dégagé,2,12.0,11.85,58.75,0,0,51,51,30,21.1,0.6,14.5,1019,1019,1010,5.0,6.69,30,0.0,04:21:52,19:12:38
Rennes,2025-05-06,ciel dégagé,1,12.0,11.97,64.0,0,0,34,34,20,3.0,,23.5,1021,1021,1014,5.6,6.17,20,0.0,04:40:17,19:26:21
Nantes,2025-05-06,nuageux,1,14.0,13.14,61.0,0,75,32,32,17,2.3,,24.3,1020,1020,1017,4.6,5.14,30,0.0,04:42:16,19:23:18
Marseille,2025-05-06,peu nuageux,1,14.4,14.1,61.0,0,23,22,17,16,6.8,0.4,22.4,1009,1009,1002,4.0,4.02,281,8.94,04:24:49,18:45:09
Toulouse,2025-05-06,couvert,1,13.0,12.17,66.5,0,100,24,23,10,3.1,,24.2,1015,1015,993,6.1,6.17,290,0.0,04:39:56,19:01:46
Lyon,2025-05-06,couvert,1,10.0,10.34,76.0,0,100,20,52,,1.8,,20.1,1013,1013,981,5.1,5.66,340,0.0,04:20:45,18:53:37
Bordeaux,2025-05-06,légère pluie,1,10.0,10.35,76.0,1,100,18,30,18,1.9,,30.5,1017,1017,1012,5.6,4.63,30,0.0,04:44:49,19:12:54
Nice,2025-05-06,partiellement nuageux,1,18.0,18.51,72.0,0,40,20,20,12,4.6,1.1,20.0,1008,1008,989,1.8,2.06,140,0.0,04:16:27,18:38:44
Strasbourg,2025-05-06,ciel dégagé,1,15.0,13.62,44.0,0,0,20,63,11,5.5,,19.8,1015,1015,999,8.2,9.26,50,0.0,04:01:05,18:50:05
Paris,2025-05-06,peu nuageux,2,12.0,13.49,56.25,0,20,51,51,30,21.1,0.6,14.5,1019,1019,1009,5.0,7.72,40,0.0,04:21:52,19:12:38
Rennes,2025-05-06,couvert,1,14.0,13.99,56.5,0,100,34,34,23,2.3,,25.0,1021,1021,1013,6.1,5.66,20,0.0,04:40:17,19:26:21
Nantes,2025-05-06,nuageux,1,15.0,14.06,54.5,0,75,30,30,17,2.3,,27.3,1020,1020,1016,4.1,4.12,30,0.0,04:42:17,19:23:20
Marseille,2025-05-06,peu nuageux,1,15.0,14.65,59.0,0,24,27,15,13,3.6,0.3,27.3,1010,1010,1003,4.0,6.71,272,8.94,04:24:50,18:45:09
Toulouse,2025-05-06,nuageux,1,13.5,13.14,63.0,0,75,26,26,12,2.7,,26.3,1014,1014,993,5.9,6.17,300,0.0,04:39:56,19:01:46
Lyon,2025-05-06,couvert,1,10.0,11.39,75.0,0,100,20,52,,1.8,,20.1,1013,1013,981,5.1,5.14,340,0.0,04:20:45,18:53:37
Bordeaux,2025-05-06,partiellement nuageux,1,10.0,11.32,73.5,0,40,18,30,18,1.9,,30.5,1017,1017,1012,5.6,3.09,350,0.0,04:44:49,19:12:54
Nice,2025-05-06,partiellement nuageux,1,18.0,18.51,72.0,0,40,20,20,12,4.6,1.1,20.0,1008,1008,989,1.8,2.06,140,0.0,04:16:27,18:38:44
Strasbourg,2025-05-06,ciel dégagé,1,15.0,13.62,44.0,0,0,20,63,11,5.5,,19.8,1015,1015,999,8.2,9.26,50,0.0,04:01:05,18:50:05
Paris,2025-05-06,peu nuageux,2,12.0,13.87,55.75,0,20,51,51,30,21.1,0.6,14.5,1019,1019,1009,5.0,7.72,40,0.0,04:21:52,19:12:38
Rennes,2025-05-06,couvert,1,14.0,13.99,56.5,0,100,34,34,23,2.3,,25.0,1021,1021,1013,6.1,5.66,20,0.0,04:40:17,19:26:21
Nantes,2025-05-06,nuageux,1,15.0,12.93,54.0,0,75,30,30,17,2.3,,27.3,1020,1020,1016,4.1,4.12,30,0.0,04:42:16,19:23:18
Marseille,2025-05-06,peu nuageux,1,15.0,14.65,59.0,0,24,27,15,13,3.6,0.3,27.3,1010,1010,1003,4.0,8.05,270,8.94,04:24:49,18:45:09
Toulouse,2025-05-06,nuageux,1,13.5,13.14,63.0,0,75,26,26,12,2.7,,26.3,1014,1014,993,5.9,6.17,300,0.0,04:39:56,19:01:46
Lyon,2025-05-06,couvert,1,10.0,11.37,75.0,0,100,20,52,,1.8,,20.1,1013,1013,981,5.1,5.14,340,0.0,04:20:45,18:53:37
Bordeaux,2025-05-06,partiellement nuageux,1,10.0,11.32,73.5,0,40,18,30,18,1.9,,30.5,1017,1017,1012,5.6,3.09,350,0.0,04:44:49,19:12:54
Nice,2025-05-06,partiellement nuageux,1,19.0,18.94,71.5,0.0,40,31,17,8,2.4,1.1,31.3,1008,1008,989,2.5,3.09,130,0.0,04:16:27,18:38:44
Strasbourg,2025-05-06,couvert,1,15.0,13.62,39.5,0.0,100,27,63,15,5.1,,26.6,1015,1015,999,9.7,8.75,30,0.0,04:01:05,18:50:05
Paris,2025-05-06,ciel dégagé,2,15.0,14.14,46.0,0.0,0,56,56,30,20.0,0.6,22.8,1019,1019,1009,4.0,7.2,10,0.0,04:21:52,19:12:38
Rennes,2025-05-06,ciel dégagé,1,15.0,13.7,44.0,0.0,0,32,32,21,1.8,,29.6,1020,1020,1013,5.6,6.17,30,0.0,04:40:17,19:26:21
Nantes,2025-05-06,ciel dégagé,1,15.0,14.87,45.5,0.0,0,34,28,13,2.1,,34.4,1019,1019,1016,5.1,4.63,50,0.0,04:42:16,19:23:18
Marseille,2025-05-06,couvert,1,16.1,15.3,58.0,0.0,100,27,15,10,4.0,0.3,27.2,1010,1010,1002,3.0,2.24,293,7.15,04:24:49,18:45:09
Toulouse,2025-05-06,légère pluie,1,14.0,13.14,62.0,0.4,75,9,26,9,2.2,,29.7,1014,1014,992,6.6,6.17,320,0.0,04:39:56,19:01:46
Lyon,2025-05-06,couvert,1,12.0,12.26,69.0,0.0,100,20,52,,1.8,,20.4,1013,1013,981,5.1,5.66,350,0.0,04:20:45,18:53:37
Bordeaux,2025-05-06,nuageux,1,10.0,16.4,65.5,0.0,75,18,30,18,1.9,,30.5,1016,1016,1011,5.6,5.66,360,0.0,04:44:49,19:12:54
Nice,2025-05-06,partiellement nuageux,1,19.0,18.54,71.5,0.0,40,31,17,8,2.4,1.1,31.3,1008,1008,989,2.5,3.09,130,0.0,04:16:27,18:38:44
Strasbourg,2025-05-06,couvert,1,15.0,13.62,39.5,0.0,100,27,63,15,5.1,,26.6,1015,1015,999,9.7,8.75,30,0.0,04:01:05,18:50:05
Paris,2025-05-06,ciel dégagé,2,15.0,14.14,46.0,0.0,0,56,56,30,20.0,0.6,22.8,1019,1019,1009,4.0,7.2,10,0.0,04:21:52,19:12:39
Rennes,2025-05-06,ciel dégagé,1,15.0,13.7,44.0,0.0,0,32,32,21,1.8,,29.6,1020,1020,1013,5.6,6.17,30,0.0,04:40:17,19:26:21
Nantes,2025-05-06,ciel dégagé,1,15.0,14.87,45.5,0.0,0,34,28,13,2.1,,34.4,1019,1019,1016,5.1,4.63,50,0.0,04:42:16,19:23:18
Marseille,2025-05-06,couvert,1,16.1,15.3,58.0,0.0,100,27,15,10,4.0,0.3,27.2,1010,1010,1002,3.0,2.24,293,7.15,04:24:49,18:45:09
Toulouse,2025-05-06,légère pluie,1,14.0,13.14,62.0,0.39,75,30,25,9,2.5,,30.1,1014,1014,992,6.4,6.17,320,0.0,04:39:56,19:01:46
Lyon,2025-05-06,couvert,1,12.0,12.24,69.0,0.0,100,20,52,,1.8,,20.4,1013,1013,981,5.1,5.66,350,0.0,04:20:45,18:53:37
Bordeaux,2025-05-06,nuageux,1,10.0,16.4,65.5,0.0,75,18,30,18,1.9,,30.5,1016,1016,1011,5.6,5.66,360,0.0,04:44:49,19:12:54
Nice,2025-05-06,partiellement nuageux,1,18.0,18.03,78.0,0.0,40,29,16,8,2.5,1.1,29.1,1008,1008,989,3.6,3.6,120,0.0,04:16:27,18:38:44
Strasbourg,2025-05-06,couvert,1,15.0,13.64,41.0,0.0,100,27,63,19,5.1,,26.6,1015,1015,999,7.7,6.69,40,0.0,04:01:05,18:50:05
Paris,2025-05-06,ciel dégagé,1,15.0,14.29,45.5,0.0,0,49,38,49,17.5,0.6,22.8,1019,1019,1009,4.0,7.72,40,0.0,04:21:52,19:12:38
Rennes,2025-05-06,ciel dégagé,1,15.0,13.63,41.0,0.0,0,35,35,21,1.8,,29.6,1020,1020,1013,6.6,6.69,30,0.0,04:40:17,19:26:21
Nantes,2025-05-06,ciel dégagé,1,17.0,16.07,48.0,0.0,0,37,27,14,2.1,,36.7,1019,1019,1016,4.1,4.12,30,0.0,04:42:16,19:23:18
Marseille,2025-05-06,nuageux,1,16.1,15.81,56.0,0.0,57,29,16,11,3.9,0.3,29.0,1009,1009,1002,5.0,3.58,284,8.05,04:24:49,18:45:09
Toulouse,2025-05-06,légère pluie,1,14.0,13.14,63.25,0.37,100,30,25,9,2.7,,30.3,1014,1014,992,5.4,5.66,320,0.0,04:39:56,19:01:46
Lyon,2025-05-06,couvert,1,13.0,12.3,66.5,0.0,100,22,52,,1.8,,21.9,1012,1012,980,5.6,5.66,340,0.0,04:20:45,18:53:37
Bordeaux,2025-05-06,partiellement nuageux,1,17.0,17.24,48.0,0.0,40,23,30,23,1.9,,30.5,1015,1015,1010,4.6,4.63,30,0.0,04:44:49,19:12:54
Nice,2025-05-06,partiellement nuageux,1,18.0,18.48,76.5,0.0,40,29,16,8,2.5,1.1,29.1,1008,1008,989,3.6,3.6,100,0.0,04:16:27,18:38:44
Strasbourg,2025-05-06,couvert,1,15.0,13.64,41.0,0.0,100,27,63,19,5.1,,26.6,1015,1015,999,7.7,6.69,40,0.0,04:01:05,18:50:05
Paris,2025-05-06,ciel dégagé,1,15.0,14.29,45.5,0.0,0,49,38,49,17.5,0.6,22.8,1019,1019,1009,4.0,7.72,40,0.0,04:21:52,19:12:38
Rennes,2025-05-06,ciel dégagé,1,15.0,13.7,42.5,0.0,0,35,35,21,1.8,,29.6,1020,1020,1013,6.6,6.69,30,0.0,04:40:17,19:26:21
Nantes,2025-05-06,ciel dégagé,1,17.0,14.87,46.0,0.0,0,37,27,14,2.1,,36.7,1019,1019,1016,4.1,5.14,40,0.0,04:42:17,19:23:19
Marseille,2025-05-06,nuageux,1,16.1,15.85,56.5,0.0,57,29,16,11,3.9,0.3,29.0,1009,1009,1002,5.0,4.02,5,8.49,04:24:49,18:45:09
Toulouse,2025-05-06,légère pluie,1,14.0,13.14,63.25,0.37,100,30,25,9,2.7,,30.3,1014,1014,992,5.4,5.66,320,0.0,04:39:56,19:01:46
Lyon,2025-05-06,couvert,1,13.0,12.61,65.5,0.0,100,22,52,,1.8,,21.9,1013,1013,980,5.6,5.66,340,0.0,04:20:45,18:53:37
Bordeaux,2025-05-06,partiellement nuageux,1,17.0,17.24,48.0,0.0,40,23,30,23,1.9,,30.5,1015,1015,1010,4.6,4.63,30,0.0,04:44:49,19:12:54
Nice,2025-05-06,partiellement nuageux,1,18.0,17.95,75.5,0.0,40,31,16,8,2.0,1.1,31.2,1008,1008,989,4.1,4.12,90,0.0,04:16:27,18:38:44
Strasbourg,2025-05-06,ciel dégagé,1,15.0,13.62,41.0,0.0,0,34,63,17,5.1,,33.8,1015,1015,998,6.4,5.14,70,0.0,04:01:05,18:50:05
Paris,2025-05-06,ciel dégagé,2,15.1,14.63,44.5,0.0,0,51,51,36,17.1,0.6,25.6,1018,1018,1009,4.3,6.69,10,0.0,04:21:52,19:12:38
Rennes,2025-05-06,ciel dégagé,1,16.0,14.8,44.0,0.0,0,34,23,13,1.5,,33.7,1020,1020,1013,6.1,6.17,20,0.0,04:40:17,19:26:21
Nantes,2025-05-06,ciel dégagé,1,16.5,14.87,45.0,0.0,0,38,26,12,2.0,,37.5,1019,1019,1016,4.6,4.63,30,0.0,04:42:16,19:23:18
Marseille,2025-05-06,partiellement nuageux,1,16.1,16.35,55.0,0.0,36,31,16,11,3.5,0.2,30.5,1010,1010,1002,3.0,4.47,329,10.73,04:24:49,18:45:09
Toulouse,2025-05-06,légère pluie,1,13.5,12.17,64.5,0.49,0,30,22,9,2.4,,30.3,1014,1014,993,5.4,5.66,320,0.0,04:39:56,19:01:46
Lyon,2025-05-06,couvert,1,13.0,12.25,66.5,0.0,100,22,52,,1.8,,21.7,1012,1012,980,4.6,5.66,350,0.0,04:20:45,18:53:37
Bordeaux,2025-05-06,légère pluie,1,18.0,17.16,41.25,0.22,20,17,30,17,1.9,,30.5,1015,1015,1010,5.1,4.63,30,0.0,04:44:49,19:12:54
Nice,2025-05-06,partiellement nuageux,1,18.0,17.95,75.5,0.0,40,31,16,8,2.0,1.1,31.2,1008,1008,989,4.1,4.12,90,0.0,04:16:27,18:38:44
Strasbourg,2025-05-06,ciel dégagé,1,15.0,13.62,41.0,0.0,0,34,63,17,5.1,,33.8,1015,1015,998,6.4,5.14,70,0.0,04:01:05,18:50:05
Paris,2025-05-06,ciel dégagé,2,15.1,14.63,44.0,0.0,0,51,51,36,17.1,0.6,25.6,1018,1018,1009,4.3,6.69,10,0.0,04:21:52,19:12:41
Rennes,2025-05-06,ciel dégagé,1,16.0,14.91,46.0,0.0,0,34,23,13,1.5,,33.7,1020,1020,1013,6.1,6.69,10,0.0,04:40:17,19:26:21
Nantes,2025-05-06,ciel dégagé,1,16.5,14.87,45.0,0.0,0,38,26,12,2.0,,37.5,1019,1019,1016,4.6,4.63,30,0.0,04:42:16,19:23:18
Marseille,2025-05-06,partiellement nuageux,1,16.1,16.34,55.5,0.0,38,31,16,11,3.5,0.2,30.5,1009,1009,999,3.0,4.47,329,10.73,04:24:49,18:45:08
Toulouse,2025-05-06,légère pluie,1,13.5,13.04,60.0,0.73,99,30,22,9,2.4,,30.3,1014,1014,993,5.4,5.14,290,0.0,04:39:56,19:01:46
Lyon,2025-05-06,couvert,1,13.0,12.25,66.5,0.0,100,22,52,,1.8,,21.7,1012,1012,980,4.6,6.17,350,0.0,04:20:45,18:53:37
Bordeaux,2025-05-06,légère pluie,1,18.0,17.08,39.75,0.47,71,17,30,17,1.9,,30.5,1015,1015,1010,5.1,5.66,30,0.0,04:44:49,19:12:54
Nice,2025-05-06,partiellement nuageux,1,19.0,18.61,75.0,0.0,40,31,18,8,2.2,1.1,31.4,1008,1008,989,4.6,4.63,90,0.0,04:16:27,18:38:44
Strasbourg,2025-05-06,ciel dégagé,1,15.0,13.6,41.0,0.0,0,34,63,17,5.1,,33.8,1015,1015,999,6.4,5.66,50,0.0,04:01:05,18:50:05
Paris,2025-05-06,ciel dégagé,2,15.8,14.36,45.1,0.0,0,53,53,33,18.6,0.6,29.7,1018,1018,1009,5.5,7.2,20,0.0,04:21:52,19:12:38
Rennes,2025-05-06,ciel dégagé,1,16.0,14.73,41.0,0.0,0,34,33,13,1.7,,34.3,1020,1020,1013,6.1,6.17,20,0.0,04:40:17,19:26:21
Nantes,2025-05-06,ciel dégagé,1,17.0,16.0,45.0,0.0,0,37,25,14,2.2,,36.5,1019,1019,1016,5.1,5.14,30,0.0,04:42:16,19:23:18
Marseille,2025-05-06,partiellement nuageux,1,16.1,16.32,54.5,0.0,26,30,13,9,4.0,0.3,30.4,1010,1010,1003,5.0,4.02,296,10.28,04:24:49,18:45:09
Toulouse,2025-05-06,légère pluie,1,13.0,12.28,68.5,0.56,75,32,22,9,2.7,,32.4,1015,1015,993,5.1,3.6,280,0.0,04:39:56,19:01:46
Lyon,2025-05-06,couvert,1,13.0,12.26,66.5,0.0,100,22,52,,1.8,,21.7,1012,1012,980,5.1,6.17,10,0.0,04:20:45,18:53:37
Bordeaux,2025-05-06,pluie modérée,1,17.0,14.94,43.0,2.51,78,29,30,29,1.9,,30.5,1015,1015,1010,4.1,5.66,20,0.0,04:44:49,19:12:54
Nice,2025-05-06,partiellement nuageux,1,19.0,17.66,76.0,0.0,40,31,18,8,2.2,1.1,31.4,1008,1008,989,4.6,4.63,80,0.0,04:16:27,18:38:44
Strasbourg,2025-05-06,ciel dégagé,1,15.0,13.6,41.0,0.0,0,36,63,14,5.1,,36.0,1015,1015,999,5.4,5.66,50,0.0,04:01:05,18:50:05
Paris,2025-05-06,ciel dégagé,2,15.8,14.38,45.1,0.0,0,53,53,33,18.6,0.6,29.7,1018,1018,1009,5.5,7.2,20,0.0,04:21:51,19:12:39
Rennes,2025-05-06,ciel dégagé,1,16.0,13.7,42.5,0.0,0,34,33,13,1.7,,34.3,1020,1020,1013,6.1,4.63,30,0.0,04:40:17,19:26:21
Nantes,2025-05-06,ciel dégagé,1,17.0,16.0,45.0,0.0,0,37,25,14,2.2,,36.5,1019,1019,1016,5.1,5.14,40,0.0,04:42:16,19:23:18
Marseille,2025-05-06,partiellement nuageux,1,16.1,16.31,55.0,0.0,28,30,13,9,4.0,0.3,30.4,1010,1010,999,5.0,4.02,296,10.28,04:24:49,18:45:08
Toulouse,2025-05-06,légère pluie,1,13.0,12.28,68.5,0.52,75,32,22,9,2.7,,32.4,1015,1015,993,5.1,3.6,280,0.0,04:39:56,19:01:46
Lyon,2025-05-06,couvert,1,13.0,12.26,66.5,0.0,100,22,52,,1.8,,21.7,1012,1012,980,5.1,6.17,10,0.0,04:20:45,18:53:37
Bordeaux,2025-05-06,pluie modérée,1,17.0,14.94,43.0,2.11,78,29,30,29,1.9,,30.5,1015,1015,1010,4.1,5.66,20,0.0,04:44:49,19:12:54
Nice,2025-05-07,partiellement nuageux,1,17.0,16.26,69.0,0,40,32,23,12,3.1,1.1,31.5,1010,1010,991,7.7,7.72,210,0.0,04:15:10,18:39:54
Strasbourg,2025-05-07,ciel dégagé,1,18.0,16.92,39.75,0,0,42,63,20,5.6,,42.2,1014,1014,997,8.7,8.75,30,0.0,03:59:33,18:51:31
Paris,2025-05-07,nuageux,2,14.4,13.73,54.0,0,75,62,62,29,19.8,0.6,26.9,1018,1018,1008,5.0,5.14,340,0.0,04:20:19,19:14:05
Rennes,2025-05-07,couvert,1,13.0,12.11,66.5,0,100,49,49,25,2.2,,25.6,1020,1020,1012,4.6,4.63,40,0.0,04:38:47,19:27:45
Nantes,2025-05-07,nuageux,1,16.0,15.37,63.0,0,75,48,48,17,2.1,,31.9,1019,1019,1015,4.6,4.63,60,0.0,04:40:49,19:24:39
Marseille,2025-05-07,nuageux,1,15.0,15.34,61.0,0,82,26,18,12,5.1,0.4,26.3,1012,1012,1005,4.0,4.02,289,8.05,04:23:34,18:46:18
Toulouse,2025-05-07,ciel dégagé,1,16.0,15.16,55.0,0,0,12,12,8,1.8,,32.5,1015,1015,993,4.6,4.12,310,0.0,04:38:40,19:02:56
Lyon,2025-05-07,nuageux,1,12.0,11.16,77.0,0,75,23,52,,7.3,,22.8,1015,1015,983,3.0,3.09,340,0.0,04:19:22,18:54:54
Bordeaux,2025-05-07,ciel dégagé,1,17.0,16.14,45.0,0,0,12,17,12,3.2,,29.7,1016,1016,1011,2.5,2.57,40,0.0,04:43:29,19:14:07
Nice,2025-05-07,partiellement nuageux,1,17.0,16.26,69.0,0,40,32,23,12,3.1,1.1,31.5,1010,1010,991,7.7,7.72,210,0.0,04:15:10,18:39:54
Strasbourg,2025-05-07,ciel dégagé,1,18.0,16.92,39.75,0,0,42,63,20,5.6,,42.2,1014,1014,997,8.7,8.75,30,0.0,03:59:33,18:51:31
Paris,2025-05-07,nuageux,2,14.4,13.71,53.5,0,75,62,62,29,19.8,0.6,26.9,1018,1018,1008,5.0,5.14,340,0.0,04:20:19,19:14:05
Rennes,2025-05-07,couvert,1,13.0,12.11,66.5,0,100,49,49,25,2.2,,25.6,1020,1020,1012,4.6,4.63,30,0.0,04:38:47,19:27:45
Nantes,2025-05-07,couvert,1,16.0,15.26,60.0,0,100,48,48,17,2.0,,31.9,1019,1019,1015,4.1,3.6,50,0.0,04:40:49,19:24:39
Marseille,2025-05-07,nuageux,1,15.0,15.31,60.5,0,82,26,18,12,5.1,0.4,26.3,1012,1012,1005,4.0,0.89,357,8.94,04:23:34,18:46:18
Toulouse,2025-05-07,ciel dégagé,1,16.0,15.16,55.0,0,0,12,12,8,1.8,,32.5,1015,1015,993,4.6,4.12,310,0.0,04:38:40,19:02:56
Lyon,2025-05-07,nuageux,1,12.0,11.23,77.0,0,75,23,52,,7.3,,22.8,1015,1015,983,3.0,3.09,340,0.0,04:19:22,18:54:54
Bordeaux,2025-05-07,ciel dégagé,1,17.0,16.14,45.0,0,0,12,17,12,3.2,,29.7,1016,1016,1011,2.5,2.57,40,0.0,04:43:29,19:14:07
Nice,2025-05-19,partiellement nuageux,1,19.0,18.57,62.5,0.0,40,43,43,21,17.3,,5.8,1017,1017,998,3.6,3.6,320,0.0,04:01:53,18:53:20
Strasbourg,2025-05-19,ciel dégagé,1,14.0,15.2,63.0,0.0,0,20,63,20,14.0,,19.2,1018,1018,1002,2.5,2.57,10,0.0,03:43:22,19:07:51
Paris,2025-05-19,ciel dégagé,2,11.6,12.52,69.0,0.0,0,51,51,16,27.1,0.6,16.7,1017,1017,1008,3.0,3.09,40,0.0,04:03:56,19:30:38
Rennes,2025-05-19,ciel dégagé,1,14.0,13.21,67.0,0.0,0,50,50,19,5.4,,19.2,1016,1016,1009,2.0,2.06,30,0.0,04:22:56,19:43:45
Nantes,2025-05-19,ciel dégagé,1,15.0,15.37,65.0,0.0,0,36,36,14,4.1,0.6,27.0,1014,1014,1011,5.1,4.63,50,0.0,04:25:32,19:40:06
Marseille,2025-05-19,couvert,1,19.4,20.78,56.5,0.0,94,40,28,12,1.6,0.4,39.6,1016,1016,1009,2.0,2.24,161,4.02,04:10:29,18:59:32
Toulouse,2025-05-19,légère pluie,1,18.0,18.06,82.0,0.52,0,34,33,12,3.6,,34.1,1014,1014,992,7.7,7.72,140,0.0,04:25:26,19:16:19
Lyon,2025-05-19,ciel dégagé,1,16.5,18.38,74.25,0.0,0,18,,18,7.1,,,1015,1015,983,1.0,5.14,120,0.0,04:04:58,19:09:27
Bordeaux,2025-05-19,pluie modérée,1,16.0,16.32,93.5,2.37,100,30,17,34,6.0,,30.1,1012,1012,1008,4.6,4.63,90,0.0,04:29:36,19:28:10
Nice,2025-05-19,partiellement nuageux,1,19.0,19.26,62.0,0.0,40,43,43,21,17.3,,5.8,1017,1017,998,3.6,3.09,330,0.0,04:01:53,18:53:20
Strasbourg,2025-05-19,ciel dégagé,1,14.0,15.21,63.0,0.0,0,20,63,20,14.0,,19.2,1018,1018,1002,2.5,2.57,10,0.0,03:43:22,19:07:51
Paris,2025-05-19,ciel dégagé,2,11.6,13.07,68.5,0.0,0,51,51,16,27.1,0.6,16.7,1017,1017,1008,3.0,3.09,40,0.0,04:03:57,19:30:37
Rennes,2025-05-19,ciel dégagé,1,14.0,14.31,67.0,0.0,0,50,50,19,5.4,,19.2,1016,1016,1009,2.0,2.06,70,0.0,04:22:56,19:43:45
Nantes,2025-05-19,ciel dégagé,1,15.0,15.37,65.0,0.0,0,36,36,14,4.1,0.6,27.0,1014,1014,1011,5.1,4.63,50,0.0,04:25:32,19:40:06
Marseille,2025-05-19,couvert,1,19.4,21.37,56.5,0.0,94,40,28,12,1.6,0.4,39.6,1016,1016,1009,2.0,2.24,146,5.81,04:10:29,18:59:32
Toulouse,2025-05-19,légère pluie,1,18.5,19.03,78.25,0.26,0,34,33,12,3.6,,34.1,1014,1014,992,6.4,5.14,170,0.0,04:25:26,19:16:19
Lyon,2025-05-19,ciel dégagé,1,16.5,18.66,72.25,0.0,0,18,,18,7.1,,,1015,1015,983,1.0,4.63,160,0.0,04:04:58,19:09:27
Bordeaux,2025-05-19,légère pluie,1,16.0,17.26,90.5,0.19,100,30,17,34,6.0,,30.1,1013,1013,1008,4.6,2.57,290,0.0,04:29:36,19:28:10
Nice,2025-05-19,couvert,1,19.0,22.35,68.5,0,86,47,47,21,19.9,1.1,11.8,1017,1017,998,3.0,2.21,113,1.22,04:01:53,18:53:20
Strasbourg,2025-05-19,ciel dégagé,1,17.0,17.31,55.0,0,0,24,63,24,14.5,,20.7,1018,1018,1001,2.0,2.06,30,0.0,03:43:22,19:07:51
Paris,2025-05-19,ciel dégagé,2,13.6,15.17,62.5,0,0,53,53,13,29.4,0.6,12.4,1017,1017,1008,3.0,4.63,40,0.0,04:03:57,19:30:37
Rennes,2025-05-19,ciel dégagé,2,16.0,15.3,63.0,0,0,51,51,24,5.0,,23.0,1016,1016,1008,2.0,2.06,60,0.0,04:22:56,19:43:45
Nantes,2025-05-19,ciel dégagé,1,17.0,16.47,63.0,0,0,37,37,16,3.5,,27.6,1014,1014,1011,4.6,4.63,60,0.0,04:25:32,19:40:06
Marseille,2025-05-19,nuageux,1,22.2,22.95,49.0,0,75,40,30,21,1.6,0.4,40.3,1017,1017,1009,3.0,1.34,220,4.47,04:10:29,18:59:32
Toulouse,2025-05-19,peu nuageux,1,20.0,20.03,73.75,0,20,36,36,13,3.9,,32.6,1014,1014,992,5.1,5.14,150,0.0,04:25:26,19:16:19
Lyon,2025-05-19,ciel dégagé,1,18.0,19.67,63.0,0,0,20,,20,7.1,,,1015,1015,983,5.1,5.14,150,0.0,04:04:58,19:09:27
Bordeaux,2025-05-19,nuageux,1,17.0,18.36,90.5,0,75,21,17,34,13.8,,21.2,1013,1013,1008,7.2,7.2,130,0.0,04:29:36,19:28:10
Nice,2025-05-19,couvert,1,19.0,22.33,68.0,0,86,47,47,21,19.9,1.1,11.8,1017,1017,998,3.0,2.21,113,1.22,04:01:53,18:53:20
Strasbourg,2025-05-19,ciel dégagé,1,17.0,17.31,55.0,0,0,24,63,24,14.5,,20.7,1018,1018,1001,2.0,2.06,30,0.0,03:43:22,19:07:51
Paris,2025-05-19,ciel dégagé,2,13.6,15.15,62.5,0,0,53,53,13,29.4,0.6,12.4,1017,1017,1008,3.0,4.63,40,0.0,04:03:56,19:30:38
Rennes,2025-05-19,ciel dégagé,2,16.0,16.4,63.0,0,0,51,51,24,5.0,,23.0,1016,1016,1008,2.0,2.57,60,0.0,04:22:56,19:43:45
Nantes,2025-05-19,ciel dégagé,1,17.0,16.36,61.0,0,0,37,37,16,3.5,,27.6,1014,1014,1011,4.6,4.63,50,0.0,04:25:32,19:40:06
Marseille,2025-05-19,nuageux,1,22.2,22.93,48.5,0,75,40,30,21,1.6,0.4,40.3,1017,1017,1009,3.0,0.89,208,4.02,04:10:29,18:59:32
Toulouse,2025-05-19,peu nuageux,1,20.0,20.03,73.75,0,20,36,36,13,3.9,,32.6,1014,1014,992,5.1,5.14,150,0.0,04:25:26,19:16:19
Lyon,2025-05-19,ciel dégagé,1,18.0,19.72,63.0,0,0,20,,20,7.1,,,1015,1015,983,5.1,5.14,150,0.0,04:04:58,19:09:27
Bordeaux,2025-05-19,nuageux,1,17.0,18.36,90.5,0,75,21,17,34,13.8,,21.2,1013,1013,1008,7.2,7.2,130,0.0,04:29:36,19:28:10
Nice,2025-05-19,nuageux,1,21.0,22.34,61.0,0,75,45,45,19,18.4,1.1,15.2,1018,1018,998,3.6,3.6,170,0.0,04:01:53,18:53:20
Strasbourg,2025-05-19,ciel dégagé,1,19.0,19.27,48.5,0,0,25,63,20,12.3,,25.2,1017,1017,1001,2.5,3.09,30,0.0,03:43:22,19:07:51
Paris,2025-05-19,ciel dégagé,2,16.1,16.68,55.5,0,0,51,51,24,32.4,0.6,12.4,1017,1017,1008,1.0,5.14,60,0.0,04:03:57,19:30:37
Rennes,2025-05-19,ciel dégagé,2,18.0,17.4,59.0,0,0,51,51,22,3.0,,28.1,1016,1016,1009,2.5,2.57,70,0.0,04:22:56,19:43:45
Nantes,2025-05-19,ciel dégagé,1,18.0,17.36,55.0,0,0,39,39,19,2.9,,29.1,1014,1014,1011,4.6,4.63,50,0.0,04:25:32,19:40:06
Marseille,2025-05-19,nuageux,1,23.8,24.44,37.5,0,69,46,26,19,1.6,0.4,45.5,1017,1017,1010,3.0,3.58,222,6.26,04:10:29,18:59:32
Toulouse,2025-05-19,nuageux,1,21.0,21.0,68.0,0,75,34,36,13,3.0,,34.0,1014,1014,993,3.0,2.06,180,0.0,04:25:26,19:16:19
Lyon,2025-05-19,ciel dégagé,1,18.0,19.71,63.5,0,0,20,,20,7.1,,,1015,1015,983,5.1,5.66,150,0.0,04:04:58,19:09:27
Bordeaux,2025-05-19,ciel dégagé,1,18.0,19.18,79.5,0,0,29,17,16,13.8,,29.3,1013,1013,1008,5.1,3.09,160,0.0,04:29:36,19:28:10
Nice,2025-05-19,nuageux,1,21.0,22.39,62.0,0,75,45,45,19,18.4,1.1,15.2,1018,1018,998,3.6,3.09,160,0.0,04:01:53,18:53:20
Strasbourg,2025-05-19,ciel dégagé,1,19.0,19.27,48.5,0,0,25,63,20,12.3,,25.2,1017,1017,1001,2.5,3.09,30,0.0,03:43:22,19:07:51
Paris,2025-05-19,ciel dégagé,2,16.5,16.68,54.9,0,0,70,70,30,27.1,0.6,16.8,1017,1017,1008,1.8,5.14,60,0.0,04:03:57,19:30:37
Rennes,2025-05-19,ciel dégagé,2,18.0,18.39,57.0,0,0,51,51,22,3.0,,28.1,1016,1016,1009,2.5,3.6,90,0.0,04:22:56,19:43:45
Nantes,2025-05-19,ciel dégagé,1,19.0,19.48,52.75,0,0,39,39,19,2.9,,29.1,1014,1014,1011,4.8,5.14,70,0.0,04:25:32,19:40:06
Marseille,2025-05-19,nuageux,1,23.8,24.49,38.5,0,69,46,26,19,1.6,0.4,45.5,1017,1017,1010,3.0,2.24,237,5.36,04:10:29,18:59:32
Toulouse,2025-05-19,nuageux,1,21.0,21.0,68.0,0,75,36,36,13,2.2,,33.7,1014,1014,993,3.0,2.06,180,0.0,04:25:26,19:16:19
Lyon,2025-05-19,ciel dégagé,1,18.0,19.92,63.5,0,0,20,,20,7.1,,,1015,1015,983,5.1,5.66,150,0.0,04:04:58,19:09:27
Bordeaux,2025-05-19,ciel dégagé,1,18.0,19.18,79.5,0,0,29,17,16,13.8,,29.3,1013,1013,1008,5.1,3.09,160,0.0,04:29:36,19:28:10
Nice,2025-05-19,nuageux,1,21.0,21.49,67.5,0.0,75,37,37,16,11.9,,28.4,1018,1018,998,3.3,3.6,160,0.0,04:01:53,18:53:20
Strasbourg,2025-05-19,ciel dégagé,1,21.0,20.31,44.5,0.0,0,26,63,26,9.9,,25.2,1017,1017,1000,3.6,4.12,40,0.0,03:43:22,19:07:51
Paris,2025-05-19,ciel dégagé,2,17.7,18.47,50.8,0.0,0,56,56,26,27.1,0.6,29.8,1017,1017,1007,1.0,4.12,60,0.0,04:03:57,19:30:37
Rennes,2025-05-19,peu nuageux,1,20.0,19.41,52.0,0.0,20,48,48,23,2.2,,34.4,1016,1016,1008,3.6,3.6,70,0.0,04:22:56,19:43:45
Nantes,2025-05-19,ciel dégagé,1,20.0,19.4,49.0,0.0,0,39,39,19,2.6,,31.7,1014,1014,1011,4.1,4.12,40,0.0,04:25:32,19:40:06
Marseille,2025-05-19,nuageux,1,25.0,26.53,38.0,0.0,69,46,21,13,1.6,0.3,45.7,1017,1017,1009,4.0,6.93,142,8.08,04:10:29,18:59:32
Toulouse,2025-05-19,partiellement nuageux,1,22.0,21.89,60.0,0.0,40,40,40,18,1.6,,34.2,1014,1014,992,1.8,2.06,130,0.0,04:25:26,19:16:19
Lyon,2025-05-19,ciel dégagé,1,18.0,20.21,62.0,0.0,0,20,,20,7.1,,,1014,1014,983,5.1,6.17,160,0.0,04:04:58,19:09:27
Bordeaux,2025-05-19,légère pluie,1,19.0,20.17,75.0,0.22,100,31,9,11,9.6,,30.5,1013,1013,1008,2.0,1.54,0,0.0,04:29:36,19:28:10
Nice,2025-05-19,couvert,1,21.0,23.9,66.0,0.0,90,37,37,16,11.9,,28.4,1018,1018,998,3.3,2.48,126,1.18,04:01:53,18:53:20
Strasbourg,2025-05-19,ciel dégagé,1,21.0,20.36,44.5,0.0,0,26,63,26,9.9,,25.2,1017,1017,1000,3.6,4.12,40,0.0,03:43:22,19:07:51
Paris,2025-05-19,ciel dégagé,2,17.7,18.18,51.3,0.0,0,56,56,26,27.1,0.6,29.8,1017,1017,1007,1.0,4.12,60,0.0,04:03:57,19:30:37
Rennes,2025-05-19,peu nuageux,1,20.0,20.43,50.5,0.0,20,48,48,23,2.2,,34.4,1016,1016,1008,3.6,3.09,70,0.0,04:22:56,19:43:45
Nantes,2025-05-19,ciel dégagé,1,20.0,19.58,52.5,0.0,0,39,39,19,2.6,,31.7,1014,1014,1011,4.1,6.04,69,7.15,04:25:32,19:40:06
Marseille,2025-05-19,nuageux,1,25.0,24.42,35.5,0.0,69,46,21,13,1.6,0.3,45.7,1017,1017,1009,4.0,1.34,146,4.47,04:10:29,18:59:32
Toulouse,2025-05-19,partiellement nuageux,1,22.0,21.89,60.0,0.0,40,40,40,18,1.6,,34.2,1014,1014,992,1.8,2.06,130,0.0,04:25:26,19:16:19
Lyon,2025-05-19,nuageux,1,18.0,21.01,59.5,0.0,75,20,,20,7.1,,,1014,1014,983,5.1,5.66,160,0.0,04:04:58,19:09:27
Bordeaux,2025-05-19,légère pluie,1,19.0,20.17,75.0,0.32,100,31,9,11,9.6,,30.5,1013,1013,1008,2.0,1.54,0,0.0,04:29:36,19:28:10
Nice,2025-05-19,partiellement nuageux,1,20.5,24.04,72.5,0.0,40,46,32,12,2.7,1.1,46.4,1017,1017,998,2.8,2.46,127,1.73,04:01:53,18:53:20
Strasbourg,2025-05-19,couvert,1,23.0,24.02,36.5,0.0,100,40,63,25,5.5,,39.6,1016,1016,999,2.0,3.2,34,2.92,03:43:22,19:07:51
Paris,2025-05-19,couvert,2,19.3,20.92,42.3,0.0,99,56,56,26,18.2,0.6,35.6,1016,1016,1006,0.6,3.64,80,3.64,04:03:57,19:30:37
Rennes,2025-05-19,couvert,1,21.0,22.19,43.0,0.0,100,41,41,26,1.3,,41.1,1015,1015,1008,4.1,4.37,56,4.6,04:22:56,19:43:45
Nantes,2025-05-19,légère pluie,1,21.0,21.01,55.5,0.93,100,41,29,14,1.8,,41.4,1014,1014,1010,4.6,5.12,70,5.64,04:25:32,19:40:06
Marseille,2025-05-19,couvert,1,26.6,27.38,30.5,0.0,100,46,22,15,1.7,0.3,46.1,1016,1016,1008,3.0,7.81,148,9.41,04:10:29,18:59:32
Toulouse,2025-05-19,couvert,1,22.5,22.48,51.75,0.0,100,35,34,13,1.9,,35.3,1013,1013,991,1.5,2.09,315,2.38,04:25:26,19:16:19
Lyon,2025-05-19,couvert,1,23.0,24.51,49.0,0.0,100,18,,18,7.1,,,1013,1013,981,6.1,6.04,160,7.51,04:04:58,19:09:27
Bordeaux,2025-05-19,légère pluie,1,19.0,20.53,82.75,0.8,89,30,21,10,6.9,,30.1,1013,1013,1008,1.8,5.53,257,7.07,04:29:36,19:28:10
Nice,2025-05-19,partiellement nuageux,1,20.5,24.14,73.0,0.0,29,46,32,12,2.7,1.1,46.4,1017,1017,997,2.8,2.68,147,2.68,04:01:53,18:53:20
Strasbourg,2025-05-19,couvert,1,23.0,24.02,36.5,0.0,100,40,63,25,5.5,,39.6,1016,1016,999,2.0,3.2,34,2.92,03:43:22,19:07:51
Paris,2025-05-19,couvert,2,19.3,20.92,42.3,0.0,99,56,56,26,18.2,0.6,35.6,1016,1016,1006,0.6,3.64,80,3.64,04:03:57,19:30:37
Rennes,2025-05-19,couvert,1,21.0,22.19,43.0,0.0,100,41,41,26,1.3,,41.1,1015,1015,1008,4.1,4.37,56,4.6,04:22:56,19:43:45
Nantes,2025-05-19,légère pluie,1,21.0,21.01,55.5,0.93,100,41,29,14,1.8,,41.4,1014,1014,1010,4.6,5.12,70,5.64,04:25:32,19:40:06
Marseille,2025-05-19,couvert,1,26.6,27.38,30.5,0.0,100,46,22,15,1.7,0.3,46.1,1016,1016,1008,3.0,7.81,148,9.41,04:10:29,18:59:32
Toulouse,2025-05-19,couvert,1,22.5,22.48,51.75,0.0,100,35,34,13,1.9,,35.3,1013,1013,991,1.5,2.09,315,2.38,04:25:26,19:16:19
Lyon,2025-05-19,couvert,1,23.0,24.51,49.0,0.0,100,18,,18,7.1,,,1013,1013,981,6.1,6.04,160,7.51,04:04:58,19:09:27
Bordeaux,2025-05-19,légère pluie,1,20.0,20.53,79.0,0.8,89,31,13,10,4.6,,30.9,1013,1013,1008,2.0,5.53,257,7.07,04:29:36,19:28:10
Nice,2025-05-19,nuageux,1,21.0,24.24,70.0,0.0,62,44,31,13,4.1,1.1,44.4,1017,1017,997,2.5,2.67,153,2.53,04:01:53,18:53:20
Strasbourg,2025-05-19,couvert,1,23.0,24.33,36.5,0.0,100,45,63,19,6.2,,44.5,1015,1015,999,2.3,3.88,33,3.29,03:43:22,19:07:51
Paris,2025-05-19,couvert,2,20.6,21.93,41.0,0.0,98,56,56,30,21.1,0.6,29.8,1016,1016,1006,1.0,0.89,39,0.89,04:03:57,19:30:37
Rennes,2025-05-19,couvert,1,22.0,22.22,40.5,0.0,100,42,32,18,1.4,,41.8,1015,1015,1007,3.6,4.18,50,4.28,04:22:56,19:43:45
Nantes,2025-05-19,couvert,1,21.0,20.43,56.0,0.0,100,43,31,14,1.9,,42.7,1014,1014,1010,4.6,4.89,64,5.06,04:25:32,19:40:06
Marseille,2025-05-19,couvert,1,26.6,26.37,31.0,0.0,100,47,21,15,1.9,0.2,46.7,1016,1016,1008,3.0,8.63,145,10.82,04:10:29,18:59:32
Toulouse,2025-05-19,très forte pluie,1,21.5,21.78,69.0,21.5,100,37,34,13,2.0,,37.2,1012,1012,991,2.5,2.49,306,3.88,04:25:26,19:16:19
Lyon,2025-05-19,couvert,1,23.0,25.21,48.5,0.0,100,18,,18,7.1,,,1012,1012,980,6.1,5.58,156,8.13,04:04:58,19:09:27
Bordeaux,2025-05-19,légère pluie,1,19.0,21.49,72.0,0.73,95,31,25,18,4.6,,30.9,1012,1012,1007,3.0,5.29,263,6.46,04:29:36,19:28:10
Nice,2025-05-19,nuageux,1,21.0,24.24,70.0,0.0,62,44,31,13,4.1,1.1,44.4,1017,1017,997,2.5,2.67,153,2.53,04:01:53,18:53:20
Strasbourg,2025-05-19,couvert,1,23.0,24.33,36.5,0.0,100,45,63,19,6.2,,44.5,1015,1015,999,2.3,3.88,33,3.29,03:43:22,19:07:51
Paris,2025-05-19,couvert,2,20.6,21.93,41.0,0.0,98,56,56,30,21.1,0.6,29.8,1016,1016,1006,1.0,0.89,39,0.89,04:03:57,19:30:37
Rennes,2025-05-19,couvert,1,22.0,22.22,40.5,0.0,100,42,32,18,1.4,,41.8,1015,1015,1007,3.6,4.18,50,4.28,04:22:56,19:43:45
Nantes,2025-05-19,couvert,1,21.0,20.43,56.0,0.0,100,43,31,14,1.9,,42.7,1014,1014,1010,4.6,4.89,64,5.06,04:25:32,19:40:06
Marseille,2025-05-19,couvert,1,26.6,26.37,31.0,0.0,100,47,21,15,1.9,0.2,46.7,1016,1016,1008,3.0,8.63,145,10.82,04:10:29,18:59:32
Toulouse,2025-05-19,très forte pluie,1,21.5,21.78,69.0,21.5,100,37,34,13,2.0,,37.2,1012,1012,991,2.5,2.49,306,3.88,04:25:26,19:16:19
Lyon,2025-05-19,couvert,1,23.0,25.21,48.5,0.0,100,18,,18,7.1,,,1012,1012,980,6.1,5.58,156,8.13,04:04:58,19:09:27
Bordeaux,2025-05-19,légère pluie,1,19.0,21.49,72.0,0.73,95,31,25,18,4.6,,30.9,1012,1012,1007,3.0,5.29,263,6.46,04:29:36,19:28:10
Nice,2025-05-19,nuageux,1,21.0,23.41,67.5,0.0,75,41,32,13,7.7,1.1,40.8,1017,1017,998,3.6,2.13,160,2.65,04:01:53,18:53:20
Strasbourg,2025-05-19,couvert,1,24.0,24.58,37.0,0.0,100,47,63,15,7.7,,47.4,1015,1015,998,2.0,4.51,33,3.66,03:43:22,19:07:51
Paris,2025-05-19,couvert,2,21.5,21.88,39.9,0.0,92,57,57,32,23.4,0.6,35.6,1015,1015,1005,2.8,0.45,319,0.89,04:03:57,19:30:37
Rennes,2025-05-19,couvert,1,23.0,22.09,37.0,0.0,100,42,35,18,1.3,,41.6,1015,1015,1007,3.6,4.1,47,4.11,04:22:56,19:43:45
Nantes,2025-05-19,légère pluie,1,21.0,21.11,56.0,0.98,100,43,31,15,1.9,,43.1,1013,1013,1010,3.6,5.13,53,5.26,04:25:32,19:40:06
Marseille,2025-05-19,couvert,1,26.6,24.39,31.5,0.0,100,47,23,17,1.6,0.2,47.2,1015,1015,1007,4.0,1.34,130,6.71,04:10:29,18:59:32
Toulouse,2025-05-19,pluie modérée,1,21.0,20.34,76.0,3.11,100,37,34,13,2.0,,37.2,1011,1011,990,1.5,1.85,317,3.99,04:25:26,19:16:19
Lyon,2025-05-19,légère pluie,1,23.0,22.83,52.5,0.17,100,17,,17,7.1,,,1011,1011,979,7.2,5.05,156,9.76,04:04:58,19:09:27
Bordeaux,2025-05-19,forte pluie,1,19.0,20.79,74.0,5.46,98,31,25,18,4.6,,30.9,1012,1012,1007,3.0,5.6,257,6.91,04:29:36,19:28:10
Nice,2025-05-19,nuageux,1,21.0,23.41,67.5,0.0,75,41,32,13,7.7,1.1,40.8,1017,1017,998,3.6,2.13,160,2.65,04:01:53,18:53:20
Strasbourg,2025-05-19,couvert,1,24.0,24.56,37.0,0.0,100,50,63,15,8.7,,49.6,1015,1015,998,4.1,4.51,33,3.66,03:43:22,19:07:51
Paris,2025-05-19,couvert,2,22.3,23.34,37.3,0.0,92,55,55,25,23.4,0.6,42.2,1015,1015,1005,2.0,0.45,36,0.89,04:03:57,19:30:37
Rennes,2025-05-19,couvert,1,23.0,22.09,37.0,0.0,100,42,35,18,1.3,,41.6,1015,1015,1007,3.6,4.1,47,4.11,04:22:56,19:43:45
Nantes,2025-05-19,pluie modérée,1,21.0,20.48,56.25,2.2,100,43,31,15,1.8,,43.1,1013,1013,1010,3.0,5.13,53,5.26,04:25:32,19:40:06
Marseille,2025-05-19,couvert,1,26.6,24.36,31.0,0.0,100,47,23,17,1.6,0.2,47.2,1015,1015,1007,4.0,2.68,164,9.39,04:10:29,18:59:32
Toulouse,2025-05-19,pluie modérée,1,20.0,20.09,80.75,1.42,100,41,41,17,2.0,,37.2,1011,1011,990,2.5,1.85,317,3.99,04:25:26,19:16:19
Lyon,2025-05-19,légère pluie,1,23.0,22.65,52.5,0.46,100,24,41,24,2.9,,,1011,1011,979,6.1,5.05,156,9.76,04:04:58,19:09:27
Bordeaux,2025-05-19,forte pluie,1,19.0,20.49,72.5,12.38,98,31,25,18,4.6,,30.9,1012,1012,1007,3.0,5.6,257,6.91,04:29:36,19:28:10
Nice,2025-05-20,légère pluie,2,19.0,19.25,81.0,0.44,100,51,51,25,4.1,1.1,36.8,1012,1012,993,12.3,5.1,60,7.19,04:00:58,18:54:23
Strasbourg,2025-05-20,légère pluie,1,13.0,13.96,73.5,0.45,96,19,63,9,16.5,,19.1,1015,1015,999,2.5,1.72,356,0.99,03:42:14,19:09:07
Paris,2025-05-20,ciel dégagé,2,15.2,15.9,59.5,0.0,9,57,57,24,22.4,0.6,18.5,1017,1017,1007,5.0,2.24,33,3.13,04:02:47,19:31:54
Rennes,2025-05-20,nuageux,2,13.0,14.6,86.5,0.0,65,59,59,23,8.8,,18.4,1019,1019,1012,2.0,3.87,343,4.89,04:21:49,19:45:00
Nantes,2025-05-20,ciel dégagé,2,17.0,14.96,75.5,0.0,8,59,59,22,5.0,,28.6,1019,1019,1016,2.0,3.16,345,4.37,04:24:27,19:41:18
Marseille,2025-05-20,pluie modérée,1,13.3,15.44,89.5,2.68,100,25,25,11,9.6,0.2,19.6,1013,1013,1005,0.5,3.13,56,4.92,04:09:35,19:00:34
Toulouse,2025-05-20,couvert,1,15.5,15.56,91.0,0.0,100,44,44,14,3.4,,31.2,1018,1018,997,7.9,7.69,269,12.59,04:24:31,19:17:22
Lyon,2025-05-20,couvert,1,15.0,14.73,91.5,0.0,100,0,,17,11.0,,,1015,1015,983,2.0,1.56,170,2.93,04:03:57,19:10:35
Bordeaux,2025-05-20,ciel dégagé,1,16.0,17.66,93.0,0.0,8,20,25,18,3.7,,19.5,1019,1019,1014,4.6,4.23,323,7.79,04:28:38,19:29:15
Nice,2025-05-20,légère pluie,2,19.0,19.7,79.0,0.64,100,51,51,25,4.1,1.1,36.8,1012,1012,993,12.3,5.1,60,7.19,04:00:58,18:54:23
Strasbourg,2025-05-20,légère pluie,1,13.0,16.1,73.5,0.78,96,19,63,9,16.5,,19.1,1015,1015,999,2.5,1.72,356,0.99,03:42:14,19:09:07
Paris,2025-05-20,ciel dégagé,2,15.2,18.05,59.0,0.0,9,57,57,24,22.4,0.6,18.5,1017,1017,1007,5.0,2.98,24,5.02,04:02:47,19:31:54
Rennes,2025-05-20,nuageux,2,13.0,15.16,85.5,0.0,65,59,59,23,8.8,,18.4,1020,1020,1012,2.0,3.87,343,4.89,04:21:49,19:45:00
Nantes,2025-05-20,ciel dégagé,2,17.0,15.53,74.5,0.0,8,59,59,22,5.0,,28.6,1019,1019,1016,2.0,3.16,345,4.37,04:24:27,19:41:18
Marseille,2025-05-20,pluie modérée,1,13.3,15.44,89.5,3.0,100,25,25,11,9.6,0.2,19.6,1013,1013,1005,0.5,1.79,22,4.02,04:09:35,19:00:34
Toulouse,2025-05-20,couvert,1,15.5,15.69,91.0,0.0,100,44,44,14,3.4,,31.2,1018,1018,997,7.9,7.69,269,12.59,04:24:31,19:17:22
Lyon,2025-05-20,couvert,1,15.0,14.73,91.5,0.0,100,0,,17,11.0,,,1015,1015,983,2.0,1.56,170,2.93,04:03:57,19:10:35
Bordeaux,2025-05-20,ciel dégagé,1,16.0,18.22,92.0,0.0,8,20,25,18,3.7,,19.5,1019,1019,1014,4.6,4.23,323,7.79,04:28:38,19:29:15
Nice,2025-05-20,forte pluie,2,19.0,17.0,87.5,6.44,100,53,53,23,6.5,1.1,32.6,1013,1013,993,10.8,5.63,59,8.12,04:00:58,18:54:23
Strasbourg,2025-05-20,couvert,1,14.0,17.17,69.0,0.0,98,16,63,16,18.6,,13.7,1015,1015,999,2.0,2.04,340,2.29,03:42:14,19:09:07
Paris,2025-05-20,ciel dégagé,1,17.9,21.91,46.4,0.0,9,45,45,29,21.0,0.6,18.9,1017,1017,1008,2.6,3.49,25,4.98,04:02:47,19:31:54
Rennes,2025-05-20,nuageux,2,17.0,17.42,71.5,0.0,60,60,60,26,4.5,,18.4,1020,1020,1012,3.6,2.92,346,2.78,04:21:49,19:45:00
Nantes,2025-05-20,peu nuageux,1,21.0,18.77,59.5,0.0,18,48,48,20,4.4,,37.3,1020,1020,1016,2.5,3.14,327,3.85,04:24:27,19:41:18
Marseille,2025-05-20,couvert,1,15.0,17.65,85.5,0.0,99,25,25,11,8.6,0.3,22.7,1013,1013,1006,0.5,7.1,310,7.42,04:09:35,19:00:34
Toulouse,2025-05-20,couvert,1,17.0,17.42,84.0,0.0,99,48,48,16,3.3,,31.5,1019,1019,997,8.2,7.82,274,11.3,04:24:31,19:17:22
Lyon,2025-05-20,pluie modérée,1,15.0,15.73,85.5,1.33,99,16,,16,24.3,,,1016,1016,983,2.0,1.88,120,2.06,04:03:57,19:10:35
Bordeaux,2025-05-20,légère pluie,3,17.0,21.18,70.5,0.38,3,119,119,23,5.1,,20.8,1020,1020,1015,3.6,5.06,329,6.83,04:28:38,19:29:15
Nice,2025-05-20,forte pluie,2,19.0,16.74,82.5,7.18,100,53,53,23,6.5,1.1,32.6,1013,1013,993,10.8,5.63,59,8.12,04:00:58,18:54:23
Strasbourg,2025-05-20,couvert,1,15.5,17.14,67.5,0.0,98,18,63,17,16.6,,17.9,1015,1015,999,2.0,2.04,340,2.29,03:42:14,19:09:07
Paris,2025-05-20,ciel dégagé,1,19.4,21.91,43.9,0.0,9,50,50,27,23.1,0.6,28.6,1017,1017,1008,4.1,3.49,25,4.98,04:02:47,19:31:54
Rennes,2025-05-20,nuageux,2,17.0,18.03,71.5,0.0,60,60,60,26,4.5,,18.4,1020,1020,1012,3.6,2.92,346,2.78,04:21:49,19:45:00
Nantes,2025-05-20,peu nuageux,1,21.0,19.27,57.5,0.0,18,48,48,20,4.4,,37.3,1020,1020,1016,2.5,3.14,327,3.85,04:24:27,19:41:18
Marseille,2025-05-20,couvert,1,15.0,17.65,85.5,0.0,99,25,25,11,8.6,0.3,22.7,1013,1013,1006,0.5,2.24,5,4.47,04:09:35,19:00:34
Toulouse,2025-05-20,couvert,1,17.0,17.56,84.0,0.0,99,48,48,16,3.3,,31.5,1019,1019,997,8.7,7.82,274,11.3,04:24:31,19:17:22
Lyon,2025-05-20,pluie modérée,1,15.0,15.94,86.0,1.15,99,16,,16,24.3,,,1015,1015,983,2.0,1.88,120,2.06,04:03:57,19:10:35
Bordeaux,2025-05-20,ciel dégagé,3,17.0,19.89,85.0,0.0,3,119,119,23,5.1,,20.8,1020,1020,1015,3.6,5.06,329,6.83,04:28:38,19:29:15
Nice,2025-05-20,forte pluie,2,16.0,21.11,96.5,4.21,100,52,52,25,6.3,1.1,30.3,1013,1013,993,7.7,4.38,72,5.67,04:00:58,18:54:23
Strasbourg,2025-05-20,couvert,1,15.5,18.64,66.5,0.0,98,18,63,17,16.6,,17.9,1015,1015,999,2.0,2.15,344,3.02,03:42:14,19:09:07
Paris,2025-05-20,ciel dégagé,1,19.4,23.12,39.9,0.0,9,50,50,27,23.1,0.6,28.6,1017,1017,1007,4.1,3.5,30,3.73,04:02:47,19:31:54
Rennes,2025-05-20,nuageux,2,19.0,20.27,65.5,0.0,68,63,63,27,3.6,,18.4,1020,1020,1012,2.0,2.64,339,1.93,04:21:49,19:45:00
Nantes,2025-05-20,peu nuageux,1,21.0,20.43,56.75,0.0,21,42,37,14,2.1,,41.9,1020,1020,1016,3.8,3.34,315,3.68,04:24:27,19:41:18
Marseille,2025-05-20,couvert,1,15.5,19.33,82.5,0.0,88,31,31,14,9.4,0.3,24.2,1013,1013,1006,0.5,2.24,73,4.02,04:09:35,19:00:34
Toulouse,2025-05-20,couvert,1,18.5,18.33,80.0,0.0,99,48,48,16,2.7,,33.1,1019,1019,997,9.2,7.37,282,10.71,04:24:31,19:17:22
Lyon,2025-05-20,couvert,1,15.0,17.42,83.0,0.1,94,16,,16,24.3,,,1015,1015,983,2.0,1.64,84,1.67,04:03:57,19:10:35
Bordeaux,2025-05-20,ciel dégagé,2,19.0,20.94,75.0,0.0,4,53,53,29,4.6,,22.0,1020,1020,1015,6.6,5.4,328,6.49,04:28:38,19:29:15
Nice,2025-05-20,forte pluie,2,16.0,21.11,96.5,6.48,100,52,52,25,6.3,1.1,30.3,1013,1013,993,7.7,4.38,72,5.67,04:00:58,18:54:23
Strasbourg,2025-05-20,couvert,1,16.5,18.5,64.25,0.0,98,20,63,20,18.7,,16.0,1015,1015,999,2.0,2.15,344,3.02,03:42:14,19:09:07
Paris,2025-05-20,ciel dégagé,2,21.5,21.76,36.8,0.0,9,51,51,28,21.9,0.6,30.2,1017,1017,1007,3.8,4.02,24,5.81,04:02:47,19:31:54
Rennes,2025-05-20,nuageux,2,19.0,19.73,67.0,0.0,68,63,63,27,3.6,,18.4,1020,1020,1012,2.0,2.64,339,1.93,04:21:49,19:45:00
Nantes,2025-05-20,peu nuageux,1,21.0,21.54,54.75,0.0,21,42,37,14,2.1,,41.9,1020,1020,1016,3.8,3.34,315,3.68,04:24:27,19:41:18
Marseille,2025-05-20,couvert,1,15.5,19.3,82.0,0.0,88,31,31,14,9.4,0.3,24.2,1013,1013,1006,0.5,7.69,308,8.65,04:09:35,19:00:34
Toulouse,2025-05-20,couvert,1,18.5,18.47,80.0,0.0,99,48,48,16,2.7,,33.1,1019,1019,997,9.2,7.37,282,10.71,04:24:31,19:17:22
Lyon,2025-05-20,couvert,1,15.0,17.6,83.0,0.1,94,16,,16,24.3,,,1015,1015,983,2.0,1.64,84,1.67,04:03:57,19:10:35
Bordeaux,2025-05-20,ciel dégagé,2,19.0,20.91,74.5,0.0,4,53,53,29,4.6,,22.0,1020,1020,1015,6.6,5.4,328,6.49,04:28:38,19:29:15
Nice,2025-05-20,pluie modérée,1,16.0,19.89,93.5,1.15,100,43,43,17,10.2,1.1,21.9,1012,1012,993,6.6,5.28,78,6.92,04:00:58,18:54:23
Strasbourg,2025-05-20,couvert,1,18.0,19.55,58.0,0.0,98,26,63,26,14.3,,19.4,1014,1014,998,3.0,1.9,345,2.58,03:42:14,19:09:07
Paris,2025-05-20,ciel dégagé,2,22.4,22.08,33.5,0.0,10,56,56,22,10.9,0.6,41.8,1017,1017,1007,2.7,1.79,7,4.02,04:02:47,19:31:54
Rennes,2025-05-20,nuageux,2,20.0,21.81,56.0,0.0,73,60,60,24,3.0,,18.4,1020,1020,1012,2.5,2.64,331,2.07,04:21:49,19:45:00
Nantes,2025-05-20,peu nuageux,1,22.0,23.19,50.5,0.0,24,44,31,11,1.5,,44.1,1019,1019,1016,4.1,3.74,303,3.94,04:24:27,19:41:18
Marseille,2025-05-20,nuageux,1,17.2,21.38,72.5,0.0,82,32,28,12,5.6,0.4,31.6,1013,1013,1006,0.5,8.05,347,8.05,04:09:35,19:00:34
Toulouse,2025-05-20,couvert,1,19.0,20.21,75.0,0.0,95,47,47,17,2.0,,35.0,1019,1019,997,10.2,7.68,289,10.59,04:24:31,19:17:22
Lyon,2025-05-20,couvert,1,17.0,18.49,82.5,0.0,90,0,,30,32.6,,,1016,1016,983,2.0,1.57,49,1.54,04:03:57,19:10:35
Bordeaux,2025-05-20,ciel dégagé,1,20.0,22.45,67.0,0.0,5,22,53,22,4.6,,30.9,1020,1020,1015,6.6,5.42,324,6.36,04:28:38,19:29:15
Nice,2025-05-21,ciel dégagé,1,20.0,20.83,65.0,0.0,0,21,21,15,10.6,1.1,16.9,1013,1013,994,2.0,3.09,200,0.0,04:00:04,18:55:25
Strasbourg,2025-05-21,nuageux,1,17.0,17.83,77.0,0.0,75,17,63,17,15.6,,15.4,1014,1014,997,2.5,2.57,180,0.0,03:41:07,19:10:22
Paris,2025-05-21,nuageux,2,16.1,16.34,49.25,0.0,75,52,52,9,19.6,0.6,23.2,1016,1016,1006,1.8,2.57,360,0.0,04:01:40,19:33:10
Rennes,2025-05-21,pluie très fine,2,13.0,13.75,90.5,0.28,100,69,69,28,9.1,,17.3,1017,1017,1009,4.1,3.09,300,0.0,04:20:44,19:46:13
Nantes,2025-05-21,légère pluie,1,15.0,14.76,82.0,0.83,100,50,50,21,5.7,,37.5,1016,1016,1013,3.6,3.09,270,0.0,04:23:25,19:42:30
Marseille,2025-05-21,nuageux,1,19.4,20.7,60.5,0.0,71,31,31,18,9.5,0.7,28.4,1014,1014,1007,4.0,8.71,312,11.69,04:08:42,19:01:35
Toulouse,2025-05-21,couvert,1,14.0,14.5,74.0,0.0,100,38,38,13,2.6,,32.8,1020,1020,999,2.5,2.57,290,0.0,04:23:38,19:18:23
Lyon,2025-05-21,ciel dégagé,1,19.5,19.33,55.0,0.0,0,37,37,7,5.8,,,1016,1016,984,1.0,1.54,350,0.0,04:02:59,19:11:43
Bordeaux,2025-05-21,nuageux,1,15.5,16.98,82.0,0.0,75,20,50,20,4.6,,13.0,1019,1019,1014,2.8,3.6,250,0.0,04:27:41,19:30:20
Nice,2025-05-21,ciel dégagé,1,20.0,21.0,64.5,0.0,0,21,21,15,10.6,1.1,16.9,1013,1013,994,2.0,3.09,200,0.0,04:00:04,18:55:25
Strasbourg,2025-05-21,nuageux,1,17.0,17.83,77.0,0.0,75,17,63,17,15.6,,15.4,1014,1014,997,2.5,2.57,180,0.0,03:41:07,19:10:22
Paris,2025-05-21,nuageux,2,16.1,16.34,49.25,0.0,75,52,52,9,19.6,0.6,23.2,1016,1016,1006,1.8,2.57,360,0.0,04:01:40,19:33:10
Rennes,2025-05-21,pluie très fine,2,13.0,13.75,90.5,0.28,100,69,69,28,9.1,,17.3,1017,1017,1009,4.1,3.09,300,0.0,04:20:44,19:46:13
Nantes,2025-05-21,légère pluie,1,15.0,14.76,82.0,0.95,100,50,50,21,5.7,,37.5,1016,1016,1013,3.6,3.09,270,0.0,04:23:25,19:42:29
Marseille,2025-05-21,nuageux,1,19.4,20.72,60.5,0.0,71,31,31,18,9.5,0.7,28.4,1014,1014,1007,4.0,8.71,312,11.69,04:08:43,19:01:35
Toulouse,2025-05-21,couvert,1,14.5,14.5,73.0,0.0,100,38,38,13,2.6,,32.8,1020,1020,999,2.5,2.57,290,0.0,04:23:38,19:18:23
Lyon,2025-05-21,ciel dégagé,1,19.5,19.33,55.0,0.0,0,37,37,7,5.8,,,1016,1016,984,1.0,1.54,350,0.0,04:02:59,19:11:43
Bordeaux,2025-05-21,nuageux,1,17.0,16.98,77.0,0.0,75,25,50,25,4.6,,9.4,1019,1019,1014,4.3,3.6,250,0.0,04:27:41,19:30:20
Nice,2025-05-21,peu nuageux,1,20.0,21.99,67.0,0.0,19,31,22,11,6.4,1.1,31.0,1013,1013,994,2.5,2.4,175,1.92,04:00:04,18:55:25
Strasbourg,2025-05-21,nuageux,1,19.0,19.82,70.0,0.0,75,21,63,21,13.6,,16.3,1013,1013,997,1.5,1.03,0,0.0,03:41:07,19:10:22
Paris,2025-05-21,ciel dégagé,2,17.7,16.85,36.8,0.0,0,52,52,21,34.4,0.6,13.2,1016,1016,1007,0.6,2.57,20,0.0,04:01:40,19:33:10
Rennes,2025-05-21,pluie modérée,2,14.0,13.75,87.5,2.66,100,75,75,31,6.5,,21.0,1017,1017,1009,3.0,3.09,330,0.0,04:20:44,19:46:13
Nantes,2025-05-21,pluie modérée,1,16.0,15.73,77.0,1.54,75,50,50,21,5.7,,43.0,1016,1016,1013,4.1,4.12,280,0.0,04:23:25,19:42:29
Marseille,2025-05-21,nuageux,1,21.1,22.38,54.5,0.0,78,35,33,20,9.1,0.6,34.9,1014,1014,1007,3.0,5.81,298,9.83,04:08:42,19:01:35
Toulouse,2025-05-21,couvert,1,15.0,14.63,76.5,0.0,100,38,38,13,2.7,,32.9,1020,1020,998,2.5,2.57,320,0.0,04:23:38,19:18:23
Lyon,2025-05-21,ciel dégagé,1,20.0,20.3,53.0,0.0,0,15,,15,10.6,,,1016,1016,984,1.0,2.06,0,0.0,04:02:59,19:11:43
Bordeaux,2025-05-21,nuageux,1,18.0,17.84,70.0,0.0,75,9,50,25,7.4,,9.4,1019,1019,1014,4.6,5.14,260,0.0,04:27:41,19:30:20
Nice,2025-05-21,ciel dégagé,1,20.0,21.08,67.0,0.0,0,31,22,11,6.4,1.1,31.0,1013,1013,994,2.5,4.63,190,0.0,04:00:04,18:55:25
Strasbourg,2025-05-21,nuageux,1,19.0,19.8,70.0,0.0,75,21,63,21,13.6,,16.3,1013,1013,997,1.5,1.03,0,0.0,03:41:07,19:10:22
Paris,2025-05-21,ciel dégagé,2,17.7,16.85,36.8,0.0,0,52,52,21,34.4,0.6,13.2,1016,1016,1007,0.6,2.57,10,0.0,04:01:40,19:33:10
Rennes,2025-05-21,pluie modérée,2,14.0,12.65,87.5,3.45,100,75,75,31,6.5,,21.0,1017,1017,1009,3.0,5.14,360,0.0,04:20:44,19:46:13
Nantes,2025-05-21,pluie modérée,1,16.0,15.6,74.5,1.33,75,50,50,21,5.7,,43.0,1016,1016,1013,4.1,3.6,270,0.0,04:23:25,19:42:29
Marseille,2025-05-21,nuageux,1,21.1,22.38,54.5,0.0,78,35,33,20,9.1,0.6,34.9,1014,1014,1007,3.0,8.32,307,11.34,04:08:42,19:01:35
Toulouse,2025-05-21,couvert,1,15.0,14.63,76.5,0.0,100,38,38,13,2.7,,32.9,1020,1020,998,2.5,2.57,320,0.0,04:23:38,19:18:23
Lyon,2025-05-21,ciel dégagé,1,20.0,20.32,53.0,0.0,0,15,,15,10.6,,,1015,1015,984,1.0,2.06,0,0.0,04:02:59,19:11:43
Bordeaux,2025-05-21,nuageux,1,18.0,17.84,70.0,0.0,75,9,50,25,7.4,,9.4,1019,1019,1014,4.6,5.14,260,0.0,04:27:41,19:30:20
